<?xml version="1.0" encoding="utf-8" ?>
<TABLE>
   <IRRIGATION_AREA>
      <REFERENCE_YEAR> 2002-03 </REFERENCE_YEAR>
      <DISTRICT_NAME> Akola </DISTRICT_NAME>
      <DISTRICT_CODE> 501 </DISTRICT_CODE>
      <TALUKA_NAME> Telhara </TALUKA_NAME>
      <TALUKA_CODE> 3988 </TALUKA_CODE>
      <RICE_AR_UNDER_CROP> 0 </RICE_AR_UNDER_CROP>
      <RICE_AR_UNDER_IRR> 0 </RICE_AR_UNDER_IRR>
      <WHEAT_AR_UNDER_CROP> 2139 </WHEAT_AR_UNDER_CROP>
      <WHEAT_AR_UNDER_IRR> 1325 </WHEAT_AR_UNDER_IRR>
      <KHARIP_JOWAR_AR_UNDER_CROP> 13402 </KHARIP_JOWAR_AR_UNDER_CROP>
      <KHARIP_JOWAR_AR_UNDER_IRR> 0 </KHARIP_JOWAR_AR_UNDER_IRR>
      <RABBI_JOWAR_AR_UNDER_CROP> 39 </RABBI_JOWAR_AR_UNDER_CROP>
      <RABBI_JOWAR_AR_UNDER_IRR> 0 </RABBI_JOWAR_AR_UNDER_IRR>
      <BAJRA_AR_UNDER_CROP> 374 </BAJRA_AR_UNDER_CROP>
      <BAJRA_AR_UNDER_IRR> 0 </BAJRA_AR_UNDER_IRR>
      <MAIZE_AR_UNDER_CROP> 27 </MAIZE_AR_UNDER_CROP>
      <MAIZE_AR_UNDER_IRR> 0 </MAIZE_AR_UNDER_IRR>
      <WARI_AR_UNDER_CROP> 0 </WARI_AR_UNDER_CROP>
      <WARI_AR_UNDER_IRR> 0 </WARI_AR_UNDER_IRR>
      <RAGI_AR_UNDER_CROP> 0 </RAGI_AR_UNDER_CROP>
      <RAGI_AR_UNDER_IRR> 0 </RAGI_AR_UNDER_IRR>
      <RALA_AR_UNDER_CROP> 0 </RALA_AR_UNDER_CROP>
      <RALA_AR_UNDER_IRR> 0 </RALA_AR_UNDER_IRR>
      <SAWA_AR_UNDER_CROP> 0 </SAWA_AR_UNDER_CROP>
      <SAWA_AR_UNDER_IRR> 0 </SAWA_AR_UNDER_IRR>
      <BHADALI_AR_UNDER_CROP> 0 </BHADALI_AR_UNDER_CROP>
      <BHADALI_AR_UNDER_IRR> 0 </BHADALI_AR_UNDER_IRR>
      <OTHR_CEREALS_AR_UNDR_CROP> 9 </OTHR_CEREALS_AR_UNDR_CROP>
      <OTR_CEREALS_AR_UNDER_IRR> 0 </OTR_CEREALS_AR_UNDER_IRR>
      <GRAM_AR_UNDER_CROP> 2591 </GRAM_AR_UNDER_CROP>
      <GRAM_AR_UNDER_IRR> 7200 </GRAM_AR_UNDER_IRR>
      <TUR_AR_UNDER_CROP> 5704 </TUR_AR_UNDER_CROP>
      <TUR_AR_UNDER_IRR> 0 </TUR_AR_UNDER_IRR>
      <MUNG_AR_UNDER_CROP> 8648 </MUNG_AR_UNDER_CROP>
      <MUNG_AR_UNDER_IRR> 0 </MUNG_AR_UNDER_IRR>
      <UDID_AR_UNDER_CROP> 2584 </UDID_AR_UNDER_CROP>
      <UDID_AR_UNDER_IRR> 0 </UDID_AR_UNDER_IRR>
      <KULITH_AR_UNDER_CROP> 0 </KULITH_AR_UNDER_CROP>
      <KULITH_AR_UNDER_IRR> 0 </KULITH_AR_UNDER_IRR>
      <MATH_AR_UNDER_CROP> 1 </MATH_AR_UNDER_CROP>
      <MATH_AR_UNDR_IRR> 0 </MATH_AR_UNDR_IRR>
      <BEANS_AR_UNDR_CROP> 2 </BEANS_AR_UNDR_CROP>
      <BEANS_AR_UNDR_IRR> 0 </BEANS_AR_UNDR_IRR>
      <PEAS_AR_UNDR_CROP> 0 </PEAS_AR_UNDR_CROP>
      <PEAS_AR_UNDR_IRR> 0 </PEAS_AR_UNDR_IRR>
      <OTR_PULSES_AR_UNDR_CROP> 115 </OTR_PULSES_AR_UNDR_CROP>
      <OTR_PULSES_AR_UNDR_IRR> 0 </OTR_PULSES_AR_UNDR_IRR>
      <SUGARCANE_AR_UNDR_CROP> 142 </SUGARCANE_AR_UNDR_CROP>
      <SUGARCANE_AR_UNDR_IRR> 221 </SUGARCANE_AR_UNDR_IRR>
      <CHILLI_AR_UNDR_CROP> 85 </CHILLI_AR_UNDR_CROP>
      <CHILLI_AR_UNDR_IRR> 0 </CHILLI_AR_UNDR_IRR>
      <GARLIC_AR_UNDR_CROP> 8 </GARLIC_AR_UNDR_CROP>
      <GARLIC_AR_UNDR_IRR> 0 </GARLIC_AR_UNDR_IRR>
      <OTR_SPICES_AR_UNDR_CROP> 5 </OTR_SPICES_AR_UNDR_CROP>
      <OTR_SPICES_AR_UNDR_IRR> 149 </OTR_SPICES_AR_UNDR_IRR>
      <MANGO_AR_UNDR_CROP> 215 </MANGO_AR_UNDR_CROP>
      <MANGO_AR_UNDR_IRR> 0 </MANGO_AR_UNDR_IRR>
      <GRAPES_AR_UNDR_CROP> 11 </GRAPES_AR_UNDR_CROP>
      <GRAPES_AR_UNDR_IRR> 0 </GRAPES_AR_UNDR_IRR>
      <CITRUS_FRUITS_AR_UNDR_CROP> 1055 </CITRUS_FRUITS_AR_UNDR_CROP>
      <CITRUS_FRUITS_AR_UNDR_IRR> 0 </CITRUS_FRUITS_AR_UNDR_IRR>
      <BANANA_AR_UNDR_CROP> 39 </BANANA_AR_UNDR_CROP>
      <BANANA_AR_UNDR_IRR> 0 </BANANA_AR_UNDR_IRR>
      <OTR_FRUITS_AR_UNDR_CROP> 195 </OTR_FRUITS_AR_UNDR_CROP>
      <OTR_FRUITS_AR_UNDR_IRR> 535 </OTR_FRUITS_AR_UNDR_IRR>
      <POTATOS_AR_UNDR_CROP> 7 </POTATOS_AR_UNDR_CROP>
      <POTATOS_AR_UNDR_IRR> 0 </POTATOS_AR_UNDR_IRR>
      <ONIONS_AR_UNDR_CROP> 54 </ONIONS_AR_UNDR_CROP>
      <ONIONS_AR_UNDR_IRR> 0 </ONIONS_AR_UNDR_IRR>
      <BRINJALS_AR_UNDR_CROP> 42 </BRINJALS_AR_UNDR_CROP>
      <BRINJALS_AR_UNDR_IRR> 0 </BRINJALS_AR_UNDR_IRR>
      <TOMATOS_AR_UNDR_CROP> 44 </TOMATOS_AR_UNDR_CROP>
      <TOMATOS_AR_UNDR_IRR> 0 </TOMATOS_AR_UNDR_IRR>
      <OTR_VEG_UNDR_CROP> 186 </OTR_VEG_UNDR_CROP>
      <OTR_VEG_AR_UNDR_IRR> 749 </OTR_VEG_AR_UNDR_IRR>
      <COTTON_AR_UNDR_CROP> 27010 </COTTON_AR_UNDR_CROP>
      <COTTON_AR_UNDR_IRR> 0 </COTTON_AR_UNDR_IRR>
      <OTR_FIBERCROP_AR_UNDR_CROP> 15 </OTR_FIBERCROP_AR_UNDR_CROP>
      <OTR_FIBERCROP_AR_UNDR_IRR> 0 </OTR_FIBERCROP_AR_UNDR_IRR>
      <GROUNDNUTS_AR_UNDR_CROP> 212 </GROUNDNUTS_AR_UNDR_CROP>
      <GROUNDNUTS_AR_UNDR_IRR> 23 </GROUNDNUTS_AR_UNDR_IRR>
      <SUNFLOWER_AR_UNDR_CROP> 395 </SUNFLOWER_AR_UNDR_CROP>
      <SUNFLOWER_AR_UNDR_IRR> 96 </SUNFLOWER_AR_UNDR_IRR>
      <SAFFLOWER_AR_UNDR_CROP> 75 </SAFFLOWER_AR_UNDR_CROP>
      <SAFFLOWER_AR_UNDR_IRR> 0 </SAFFLOWER_AR_UNDR_IRR>
      <SOYABEAN_AR_UNDR_CROP> 4644 </SOYABEAN_AR_UNDR_CROP>
      <SOYABEAN_AR_UNDR_IRR> 0 </SOYABEAN_AR_UNDR_IRR>
      <OTR_OILSEEDS_AR_UNDR_CROP> 300 </OTR_OILSEEDS_AR_UNDR_CROP>
      <OTR_OILSEEDS_AR_UNDR_IRR> 0 </OTR_OILSEEDS_AR_UNDR_IRR>
      <OTRMEDI_MADAK_AR_CROP> 44 </OTRMEDI_MADAK_AR_CROP>
      <OTHERMEDI_MADAK_AR_IRR> 0 </OTHERMEDI_MADAK_AR_IRR>
      <TOT_CHARAPIKE_AR_UNDR_CROP> 70 </TOT_CHARAPIKE_AR_UNDR_CROP>
      <TOT_CHARAPIKE_AR_UNDR_IRR> 42 </TOT_CHARAPIKE_AR_UNDR_IRR>
      <MIS_AKHADY_GRAIN_AR_CROP> 46 </MIS_AKHADY_GRAIN_AR_CROP>
      <MIS_AKHADY_GRAIN_AR_IRR> 0 </MIS_AKHADY_GRAIN_AR_IRR>
      <TOT_LAGAVADIKHALIL_AR_CROP> 65129 </TOT_LAGAVADIKHALIL_AR_CROP>
      <TOT_LAGAVADIKHALIL_AR_IRR> 10340 </TOT_LAGAVADIKHALIL_AR_IRR>
   </IRRIGATION_AREA>
   <IRRIGATION_AREA>
      <REFERENCE_YEAR> 2002-03 </REFERENCE_YEAR>
      <DISTRICT_NAME> Akola </DISTRICT_NAME>
      <DISTRICT_CODE> 501 </DISTRICT_CODE>
      <TALUKA_NAME> Telhara </TALUKA_NAME>
      <TALUKA_CODE> 3988 </TALUKA_CODE>
      <RICE_AR_UNDER_CROP> 0 </RICE_AR_UNDER_CROP>
      <RICE_AR_UNDER_IRR> 0 </RICE_AR_UNDER_IRR>
      <WHEAT_AR_UNDER_CROP> 1775 </WHEAT_AR_UNDER_CROP>
      <WHEAT_AR_UNDER_IRR> 1775 </WHEAT_AR_UNDER_IRR>
      <KHARIP_JOWAR_AR_UNDER_CROP> 8710 </KHARIP_JOWAR_AR_UNDER_CROP>
      <KHARIP_JOWAR_AR_UNDER_IRR> 0 </KHARIP_JOWAR_AR_UNDER_IRR>
      <RABBI_JOWAR_AR_UNDER_CROP> 0 </RABBI_JOWAR_AR_UNDER_CROP>
      <RABBI_JOWAR_AR_UNDER_IRR> 0 </RABBI_JOWAR_AR_UNDER_IRR>
      <BAJRA_AR_UNDER_CROP> 150 </BAJRA_AR_UNDER_CROP>
      <BAJRA_AR_UNDER_IRR> 0 </BAJRA_AR_UNDER_IRR>
      <MAIZE_AR_UNDER_CROP> 150 </MAIZE_AR_UNDER_CROP>
      <MAIZE_AR_UNDER_IRR> 60 </MAIZE_AR_UNDER_IRR>
      <WARI_AR_UNDER_CROP> 0 </WARI_AR_UNDER_CROP>
      <WARI_AR_UNDER_IRR> 0 </WARI_AR_UNDER_IRR>
      <RAGI_AR_UNDER_CROP> 0 </RAGI_AR_UNDER_CROP>
      <RAGI_AR_UNDER_IRR> 0 </RAGI_AR_UNDER_IRR>
      <RALA_AR_UNDER_CROP> 0 </RALA_AR_UNDER_CROP>
      <RALA_AR_UNDER_IRR> 0 </RALA_AR_UNDER_IRR>
      <SAWA_AR_UNDER_CROP> 0 </SAWA_AR_UNDER_CROP>
      <SAWA_AR_UNDER_IRR> 0 </SAWA_AR_UNDER_IRR>
      <BHADALI_AR_UNDER_CROP> 0 </BHADALI_AR_UNDER_CROP>
      <BHADALI_AR_UNDER_IRR> 0 </BHADALI_AR_UNDER_IRR>
      <OTHR_CEREALS_AR_UNDR_CROP> 0 </OTHR_CEREALS_AR_UNDR_CROP>
      <OTR_CEREALS_AR_UNDER_IRR> 0 </OTR_CEREALS_AR_UNDER_IRR>
      <GRAM_AR_UNDER_CROP> 1470 </GRAM_AR_UNDER_CROP>
      <GRAM_AR_UNDER_IRR> 570 </GRAM_AR_UNDER_IRR>
      <TUR_AR_UNDER_CROP> 2450 </TUR_AR_UNDER_CROP>
      <TUR_AR_UNDER_IRR> 0 </TUR_AR_UNDER_IRR>
      <MUNG_AR_UNDER_CROP> 5090 </MUNG_AR_UNDER_CROP>
      <MUNG_AR_UNDER_IRR> 0 </MUNG_AR_UNDER_IRR>
      <UDID_AR_UNDER_CROP> 4110 </UDID_AR_UNDER_CROP>
      <UDID_AR_UNDER_IRR> 0 </UDID_AR_UNDER_IRR>
      <KULITH_AR_UNDER_CROP> 0 </KULITH_AR_UNDER_CROP>
      <KULITH_AR_UNDER_IRR> 0 </KULITH_AR_UNDER_IRR>
      <MATH_AR_UNDER_CROP> 20 </MATH_AR_UNDER_CROP>
      <MATH_AR_UNDR_IRR> 0 </MATH_AR_UNDR_IRR>
      <BEANS_AR_UNDR_CROP> 0 </BEANS_AR_UNDR_CROP>
      <BEANS_AR_UNDR_IRR> 0 </BEANS_AR_UNDR_IRR>
      <PEAS_AR_UNDR_CROP> 0 </PEAS_AR_UNDR_CROP>
      <PEAS_AR_UNDR_IRR> 0 </PEAS_AR_UNDR_IRR>
      <OTR_PULSES_AR_UNDR_CROP> 850 </OTR_PULSES_AR_UNDR_CROP>
      <OTR_PULSES_AR_UNDR_IRR> 80 </OTR_PULSES_AR_UNDR_IRR>
      <SUGARCANE_AR_UNDR_CROP> 80 </SUGARCANE_AR_UNDR_CROP>
      <SUGARCANE_AR_UNDR_IRR> 80 </SUGARCANE_AR_UNDR_IRR>
      <CHILLI_AR_UNDR_CROP> 75 </CHILLI_AR_UNDR_CROP>
      <CHILLI_AR_UNDR_IRR> 75 </CHILLI_AR_UNDR_IRR>
      <GARLIC_AR_UNDR_CROP> 0 </GARLIC_AR_UNDR_CROP>
      <GARLIC_AR_UNDR_IRR> 0 </GARLIC_AR_UNDR_IRR>
      <OTR_SPICES_AR_UNDR_CROP> 60 </OTR_SPICES_AR_UNDR_CROP>
      <OTR_SPICES_AR_UNDR_IRR> 60 </OTR_SPICES_AR_UNDR_IRR>
      <MANGO_AR_UNDR_CROP> 40 </MANGO_AR_UNDR_CROP>
      <MANGO_AR_UNDR_IRR> 40 </MANGO_AR_UNDR_IRR>
      <GRAPES_AR_UNDR_CROP> 0 </GRAPES_AR_UNDR_CROP>
      <GRAPES_AR_UNDR_IRR> 0 </GRAPES_AR_UNDR_IRR>
      <CITRUS_FRUITS_AR_UNDR_CROP> 92 </CITRUS_FRUITS_AR_UNDR_CROP>
      <CITRUS_FRUITS_AR_UNDR_IRR> 92 </CITRUS_FRUITS_AR_UNDR_IRR>
      <BANANA_AR_UNDR_CROP> 240 </BANANA_AR_UNDR_CROP>
      <BANANA_AR_UNDR_IRR> 240 </BANANA_AR_UNDR_IRR>
      <OTR_FRUITS_AR_UNDR_CROP> 16 </OTR_FRUITS_AR_UNDR_CROP>
      <OTR_FRUITS_AR_UNDR_IRR> 16 </OTR_FRUITS_AR_UNDR_IRR>
      <POTATOS_AR_UNDR_CROP> 0 </POTATOS_AR_UNDR_CROP>
      <POTATOS_AR_UNDR_IRR> 0 </POTATOS_AR_UNDR_IRR>
      <ONIONS_AR_UNDR_CROP> 180 </ONIONS_AR_UNDR_CROP>
      <ONIONS_AR_UNDR_IRR> 180 </ONIONS_AR_UNDR_IRR>
      <BRINJALS_AR_UNDR_CROP> 101 </BRINJALS_AR_UNDR_CROP>
      <BRINJALS_AR_UNDR_IRR> 88 </BRINJALS_AR_UNDR_IRR>
      <TOMATOS_AR_UNDR_CROP> 99 </TOMATOS_AR_UNDR_CROP>
      <TOMATOS_AR_UNDR_IRR> 89 </TOMATOS_AR_UNDR_IRR>
      <OTR_VEG_UNDR_CROP> 366 </OTR_VEG_UNDR_CROP>
      <OTR_VEG_AR_UNDR_IRR> 313 </OTR_VEG_AR_UNDR_IRR>
      <COTTON_AR_UNDR_CROP> 28475 </COTTON_AR_UNDR_CROP>
      <COTTON_AR_UNDR_IRR> 210 </COTTON_AR_UNDR_IRR>
      <OTR_FIBERCROP_AR_UNDR_CROP> 586 </OTR_FIBERCROP_AR_UNDR_CROP>
      <OTR_FIBERCROP_AR_UNDR_IRR> 0 </OTR_FIBERCROP_AR_UNDR_IRR>
      <GROUNDNUTS_AR_UNDR_CROP> 180 </GROUNDNUTS_AR_UNDR_CROP>
      <GROUNDNUTS_AR_UNDR_IRR> 105 </GROUNDNUTS_AR_UNDR_IRR>
      <SUNFLOWER_AR_UNDR_CROP> 415 </SUNFLOWER_AR_UNDR_CROP>
      <SUNFLOWER_AR_UNDR_IRR> 250 </SUNFLOWER_AR_UNDR_IRR>
      <SAFFLOWER_AR_UNDR_CROP> 15 </SAFFLOWER_AR_UNDR_CROP>
      <SAFFLOWER_AR_UNDR_IRR> 0 </SAFFLOWER_AR_UNDR_IRR>
      <SOYABEAN_AR_UNDR_CROP> 850 </SOYABEAN_AR_UNDR_CROP>
      <SOYABEAN_AR_UNDR_IRR> 0 </SOYABEAN_AR_UNDR_IRR>
      <OTR_OILSEEDS_AR_UNDR_CROP> 75 </OTR_OILSEEDS_AR_UNDR_CROP>
      <OTR_OILSEEDS_AR_UNDR_IRR> 0 </OTR_OILSEEDS_AR_UNDR_IRR>
      <OTRMEDI_MADAK_AR_CROP> 30 </OTRMEDI_MADAK_AR_CROP>
      <OTHERMEDI_MADAK_AR_IRR> 30 </OTHERMEDI_MADAK_AR_IRR>
      <TOT_CHARAPIKE_AR_UNDR_CROP> 182 </TOT_CHARAPIKE_AR_UNDR_CROP>
      <TOT_CHARAPIKE_AR_UNDR_IRR> 182 </TOT_CHARAPIKE_AR_UNDR_IRR>
      <MIS_AKHADY_GRAIN_AR_CROP> 37 </MIS_AKHADY_GRAIN_AR_CROP>
      <MIS_AKHADY_GRAIN_AR_IRR> 37 </MIS_AKHADY_GRAIN_AR_IRR>
      <TOT_LAGAVADIKHALIL_AR_CROP> 60788 </TOT_LAGAVADIKHALIL_AR_CROP>
      <TOT_LAGAVADIKHALIL_AR_IRR> 4572 </TOT_LAGAVADIKHALIL_AR_IRR>
   </IRRIGATION_AREA>
   <IRRIGATION_AREA>
      <REFERENCE_YEAR> 2002-03 </REFERENCE_YEAR>
      <DISTRICT_NAME> Akola </DISTRICT_NAME>
      <DISTRICT_CODE> 501 </DISTRICT_CODE>
      <TALUKA_NAME> Akot </TALUKA_NAME>
      <TALUKA_CODE> 3989 </TALUKA_CODE>
      <RICE_AR_UNDER_CROP> 0 </RICE_AR_UNDER_CROP>
      <RICE_AR_UNDER_IRR> 0 </RICE_AR_UNDER_IRR>
      <WHEAT_AR_UNDER_CROP> 2554 </WHEAT_AR_UNDER_CROP>
      <WHEAT_AR_UNDER_IRR> 1175 </WHEAT_AR_UNDER_IRR>
      <KHARIP_JOWAR_AR_UNDER_CROP> 15590 </KHARIP_JOWAR_AR_UNDER_CROP>
      <KHARIP_JOWAR_AR_UNDER_IRR> 0 </KHARIP_JOWAR_AR_UNDER_IRR>
      <RABBI_JOWAR_AR_UNDER_CROP> 15 </RABBI_JOWAR_AR_UNDER_CROP>
      <RABBI_JOWAR_AR_UNDER_IRR> 0 </RABBI_JOWAR_AR_UNDER_IRR>
      <BAJRA_AR_UNDER_CROP> 150 </BAJRA_AR_UNDER_CROP>
      <BAJRA_AR_UNDER_IRR> 0 </BAJRA_AR_UNDER_IRR>
      <MAIZE_AR_UNDER_CROP> 115 </MAIZE_AR_UNDER_CROP>
      <MAIZE_AR_UNDER_IRR> 0 </MAIZE_AR_UNDER_IRR>
      <WARI_AR_UNDER_CROP> 0 </WARI_AR_UNDER_CROP>
      <WARI_AR_UNDER_IRR> 0 </WARI_AR_UNDER_IRR>
      <RAGI_AR_UNDER_CROP> 0 </RAGI_AR_UNDER_CROP>
      <RAGI_AR_UNDER_IRR> 0 </RAGI_AR_UNDER_IRR>
      <RALA_AR_UNDER_CROP> 0 </RALA_AR_UNDER_CROP>
      <RALA_AR_UNDER_IRR> 0 </RALA_AR_UNDER_IRR>
      <SAWA_AR_UNDER_CROP> 0 </SAWA_AR_UNDER_CROP>
      <SAWA_AR_UNDER_IRR> 0 </SAWA_AR_UNDER_IRR>
      <BHADALI_AR_UNDER_CROP> 0 </BHADALI_AR_UNDER_CROP>
      <BHADALI_AR_UNDER_IRR> 0 </BHADALI_AR_UNDER_IRR>
      <OTHR_CEREALS_AR_UNDR_CROP> 18 </OTHR_CEREALS_AR_UNDR_CROP>
      <OTR_CEREALS_AR_UNDER_IRR> 0 </OTR_CEREALS_AR_UNDER_IRR>
      <GRAM_AR_UNDER_CROP> 5236 </GRAM_AR_UNDER_CROP>
      <GRAM_AR_UNDER_IRR> 510 </GRAM_AR_UNDER_IRR>
      <TUR_AR_UNDER_CROP> 9308 </TUR_AR_UNDER_CROP>
      <TUR_AR_UNDER_IRR> 0 </TUR_AR_UNDER_IRR>
      <MUNG_AR_UNDER_CROP> 10229 </MUNG_AR_UNDER_CROP>
      <MUNG_AR_UNDER_IRR> 0 </MUNG_AR_UNDER_IRR>
      <UDID_AR_UNDER_CROP> 1870 </UDID_AR_UNDER_CROP>
      <UDID_AR_UNDER_IRR> 0 </UDID_AR_UNDER_IRR>
      <KULITH_AR_UNDER_CROP> 0 </KULITH_AR_UNDER_CROP>
      <KULITH_AR_UNDER_IRR> 0 </KULITH_AR_UNDER_IRR>
      <MATH_AR_UNDER_CROP> 2 </MATH_AR_UNDER_CROP>
      <MATH_AR_UNDR_IRR> 0 </MATH_AR_UNDR_IRR>
      <BEANS_AR_UNDR_CROP> 0 </BEANS_AR_UNDR_CROP>
      <BEANS_AR_UNDR_IRR> 0 </BEANS_AR_UNDR_IRR>
      <PEAS_AR_UNDR_CROP> 0 </PEAS_AR_UNDR_CROP>
      <PEAS_AR_UNDR_IRR> 0 </PEAS_AR_UNDR_IRR>
      <OTR_PULSES_AR_UNDR_CROP> 79 </OTR_PULSES_AR_UNDR_CROP>
      <OTR_PULSES_AR_UNDR_IRR> 0 </OTR_PULSES_AR_UNDR_IRR>
      <SUGARCANE_AR_UNDR_CROP> 27 </SUGARCANE_AR_UNDR_CROP>
      <SUGARCANE_AR_UNDR_IRR> 147 </SUGARCANE_AR_UNDR_IRR>
      <CHILLI_AR_UNDR_CROP> 92 </CHILLI_AR_UNDR_CROP>
      <CHILLI_AR_UNDR_IRR> 0 </CHILLI_AR_UNDR_IRR>
      <GARLIC_AR_UNDR_CROP> 4 </GARLIC_AR_UNDR_CROP>
      <GARLIC_AR_UNDR_IRR> 0 </GARLIC_AR_UNDR_IRR>
      <OTR_SPICES_AR_UNDR_CROP> 2 </OTR_SPICES_AR_UNDR_CROP>
      <OTR_SPICES_AR_UNDR_IRR> 329 </OTR_SPICES_AR_UNDR_IRR>
      <MANGO_AR_UNDR_CROP> 319 </MANGO_AR_UNDR_CROP>
      <MANGO_AR_UNDR_IRR> 0 </MANGO_AR_UNDR_IRR>
      <GRAPES_AR_UNDR_CROP> 13 </GRAPES_AR_UNDR_CROP>
      <GRAPES_AR_UNDR_IRR> 0 </GRAPES_AR_UNDR_IRR>
      <CITRUS_FRUITS_AR_UNDR_CROP> 1466 </CITRUS_FRUITS_AR_UNDR_CROP>
      <CITRUS_FRUITS_AR_UNDR_IRR> 0 </CITRUS_FRUITS_AR_UNDR_IRR>
      <BANANA_AR_UNDR_CROP> 44 </BANANA_AR_UNDR_CROP>
      <BANANA_AR_UNDR_IRR> 0 </BANANA_AR_UNDR_IRR>
      <OTR_FRUITS_AR_UNDR_CROP> 383 </OTR_FRUITS_AR_UNDR_CROP>
      <OTR_FRUITS_AR_UNDR_IRR> 855 </OTR_FRUITS_AR_UNDR_IRR>
      <POTATOS_AR_UNDR_CROP> 18 </POTATOS_AR_UNDR_CROP>
      <POTATOS_AR_UNDR_IRR> 0 </POTATOS_AR_UNDR_IRR>
      <ONIONS_AR_UNDR_CROP> 231 </ONIONS_AR_UNDR_CROP>
      <ONIONS_AR_UNDR_IRR> 0 </ONIONS_AR_UNDR_IRR>
      <BRINJALS_AR_UNDR_CROP> 201 </BRINJALS_AR_UNDR_CROP>
      <BRINJALS_AR_UNDR_IRR> 0 </BRINJALS_AR_UNDR_IRR>
      <TOMATOS_AR_UNDR_CROP> 133 </TOMATOS_AR_UNDR_CROP>
      <TOMATOS_AR_UNDR_IRR> 0 </TOMATOS_AR_UNDR_IRR>
      <OTR_VEG_UNDR_CROP> 317 </OTR_VEG_UNDR_CROP>
      <OTR_VEG_AR_UNDR_IRR> 1078 </OTR_VEG_AR_UNDR_IRR>
      <COTTON_AR_UNDR_CROP> 41746 </COTTON_AR_UNDR_CROP>
      <COTTON_AR_UNDR_IRR> 0 </COTTON_AR_UNDR_IRR>
      <OTR_FIBERCROP_AR_UNDR_CROP> 53 </OTR_FIBERCROP_AR_UNDR_CROP>
      <OTR_FIBERCROP_AR_UNDR_IRR> 0 </OTR_FIBERCROP_AR_UNDR_IRR>
      <GROUNDNUTS_AR_UNDR_CROP> 208 </GROUNDNUTS_AR_UNDR_CROP>
      <GROUNDNUTS_AR_UNDR_IRR> 53 </GROUNDNUTS_AR_UNDR_IRR>
      <SUNFLOWER_AR_UNDR_CROP> 847 </SUNFLOWER_AR_UNDR_CROP>
      <SUNFLOWER_AR_UNDR_IRR> 145 </SUNFLOWER_AR_UNDR_IRR>
      <SAFFLOWER_AR_UNDR_CROP> 293 </SAFFLOWER_AR_UNDR_CROP>
      <SAFFLOWER_AR_UNDR_IRR> 0 </SAFFLOWER_AR_UNDR_IRR>
      <SOYABEAN_AR_UNDR_CROP> 3095 </SOYABEAN_AR_UNDR_CROP>
      <SOYABEAN_AR_UNDR_IRR> 0 </SOYABEAN_AR_UNDR_IRR>
      <OTR_OILSEEDS_AR_UNDR_CROP> 316 </OTR_OILSEEDS_AR_UNDR_CROP>
      <OTR_OILSEEDS_AR_UNDR_IRR> 0 </OTR_OILSEEDS_AR_UNDR_IRR>
      <OTRMEDI_MADAK_AR_CROP> 16 </OTRMEDI_MADAK_AR_CROP>
      <OTHERMEDI_MADAK_AR_IRR> 80 </OTHERMEDI_MADAK_AR_IRR>
      <TOT_CHARAPIKE_AR_UNDR_CROP> 161 </TOT_CHARAPIKE_AR_UNDR_CROP>
      <TOT_CHARAPIKE_AR_UNDR_IRR> 114 </TOT_CHARAPIKE_AR_UNDR_IRR>
      <MIS_AKHADY_GRAIN_AR_CROP> 18 </MIS_AKHADY_GRAIN_AR_CROP>
      <MIS_AKHADY_GRAIN_AR_IRR> 178 </MIS_AKHADY_GRAIN_AR_IRR>
      <TOT_LAGAVADIKHALIL_AR_CROP> 89711 </TOT_LAGAVADIKHALIL_AR_CROP>
      <TOT_LAGAVADIKHALIL_AR_IRR> 4664 </TOT_LAGAVADIKHALIL_AR_IRR>
   </IRRIGATION_AREA>
   <IRRIGATION_AREA>
      <REFERENCE_YEAR> 2002-03 </REFERENCE_YEAR>
      <DISTRICT_NAME> Akola </DISTRICT_NAME>
      <DISTRICT_CODE> 501 </DISTRICT_CODE>
      <TALUKA_NAME> Akot </TALUKA_NAME>
      <TALUKA_CODE> 3989 </TALUKA_CODE>
      <RICE_AR_UNDER_CROP> 0 </RICE_AR_UNDER_CROP>
      <RICE_AR_UNDER_IRR> 0 </RICE_AR_UNDER_IRR>
      <WHEAT_AR_UNDER_CROP> 1080 </WHEAT_AR_UNDER_CROP>
      <WHEAT_AR_UNDER_IRR> 2239 </WHEAT_AR_UNDER_IRR>
      <KHARIP_JOWAR_AR_UNDER_CROP> 11500 </KHARIP_JOWAR_AR_UNDER_CROP>
      <KHARIP_JOWAR_AR_UNDER_IRR> 0 </KHARIP_JOWAR_AR_UNDER_IRR>
      <RABBI_JOWAR_AR_UNDER_CROP> 0 </RABBI_JOWAR_AR_UNDER_CROP>
      <RABBI_JOWAR_AR_UNDER_IRR> 0 </RABBI_JOWAR_AR_UNDER_IRR>
      <BAJRA_AR_UNDER_CROP> 120 </BAJRA_AR_UNDER_CROP>
      <BAJRA_AR_UNDER_IRR> 0 </BAJRA_AR_UNDER_IRR>
      <MAIZE_AR_UNDER_CROP> 49 </MAIZE_AR_UNDER_CROP>
      <MAIZE_AR_UNDER_IRR> 28 </MAIZE_AR_UNDER_IRR>
      <WARI_AR_UNDER_CROP> 0 </WARI_AR_UNDER_CROP>
      <WARI_AR_UNDER_IRR> 0 </WARI_AR_UNDER_IRR>
      <RAGI_AR_UNDER_CROP> 0 </RAGI_AR_UNDER_CROP>
      <RAGI_AR_UNDER_IRR> 0 </RAGI_AR_UNDER_IRR>
      <RALA_AR_UNDER_CROP> 0 </RALA_AR_UNDER_CROP>
      <RALA_AR_UNDER_IRR> 0 </RALA_AR_UNDER_IRR>
      <SAWA_AR_UNDER_CROP> 0 </SAWA_AR_UNDER_CROP>
      <SAWA_AR_UNDER_IRR> 0 </SAWA_AR_UNDER_IRR>
      <BHADALI_AR_UNDER_CROP> 10 </BHADALI_AR_UNDER_CROP>
      <BHADALI_AR_UNDER_IRR> 0 </BHADALI_AR_UNDER_IRR>
      <OTHR_CEREALS_AR_UNDR_CROP> 21 </OTHR_CEREALS_AR_UNDR_CROP>
      <OTR_CEREALS_AR_UNDER_IRR> 0 </OTR_CEREALS_AR_UNDER_IRR>
      <GRAM_AR_UNDER_CROP> 3480 </GRAM_AR_UNDER_CROP>
      <GRAM_AR_UNDER_IRR> 20 </GRAM_AR_UNDER_IRR>
      <TUR_AR_UNDER_CROP> 3110 </TUR_AR_UNDER_CROP>
      <TUR_AR_UNDER_IRR> 0 </TUR_AR_UNDER_IRR>
      <MUNG_AR_UNDER_CROP> 6120 </MUNG_AR_UNDER_CROP>
      <MUNG_AR_UNDER_IRR> 0 </MUNG_AR_UNDER_IRR>
      <UDID_AR_UNDER_CROP> 1090 </UDID_AR_UNDER_CROP>
      <UDID_AR_UNDER_IRR> 0 </UDID_AR_UNDER_IRR>
      <KULITH_AR_UNDER_CROP> 0 </KULITH_AR_UNDER_CROP>
      <KULITH_AR_UNDER_IRR> 0 </KULITH_AR_UNDER_IRR>
      <MATH_AR_UNDER_CROP> 28 </MATH_AR_UNDER_CROP>
      <MATH_AR_UNDR_IRR> 0 </MATH_AR_UNDR_IRR>
      <BEANS_AR_UNDR_CROP> 0 </BEANS_AR_UNDR_CROP>
      <BEANS_AR_UNDR_IRR> 6 </BEANS_AR_UNDR_IRR>
      <PEAS_AR_UNDR_CROP> 15 </PEAS_AR_UNDR_CROP>
      <PEAS_AR_UNDR_IRR> 0 </PEAS_AR_UNDR_IRR>
      <OTR_PULSES_AR_UNDR_CROP> 25 </OTR_PULSES_AR_UNDR_CROP>
      <OTR_PULSES_AR_UNDR_IRR> 27 </OTR_PULSES_AR_UNDR_IRR>
      <SUGARCANE_AR_UNDR_CROP> 118 </SUGARCANE_AR_UNDR_CROP>
      <SUGARCANE_AR_UNDR_IRR> 190 </SUGARCANE_AR_UNDR_IRR>
      <CHILLI_AR_UNDR_CROP> 27 </CHILLI_AR_UNDR_CROP>
      <CHILLI_AR_UNDR_IRR> 15 </CHILLI_AR_UNDR_IRR>
      <GARLIC_AR_UNDR_CROP> 7 </GARLIC_AR_UNDR_CROP>
      <GARLIC_AR_UNDR_IRR> 2 </GARLIC_AR_UNDR_IRR>
      <OTR_SPICES_AR_UNDR_CROP> 53 </OTR_SPICES_AR_UNDR_CROP>
      <OTR_SPICES_AR_UNDR_IRR> 24 </OTR_SPICES_AR_UNDR_IRR>
      <MANGO_AR_UNDR_CROP> 6 </MANGO_AR_UNDR_CROP>
      <MANGO_AR_UNDR_IRR> 5 </MANGO_AR_UNDR_IRR>
      <GRAPES_AR_UNDR_CROP> 0 </GRAPES_AR_UNDR_CROP>
      <GRAPES_AR_UNDR_IRR> 0 </GRAPES_AR_UNDR_IRR>
      <CITRUS_FRUITS_AR_UNDR_CROP> 885 </CITRUS_FRUITS_AR_UNDR_CROP>
      <CITRUS_FRUITS_AR_UNDR_IRR> 485 </CITRUS_FRUITS_AR_UNDR_IRR>
      <BANANA_AR_UNDR_CROP> 104 </BANANA_AR_UNDR_CROP>
      <BANANA_AR_UNDR_IRR> 114 </BANANA_AR_UNDR_IRR>
      <OTR_FRUITS_AR_UNDR_CROP> 67 </OTR_FRUITS_AR_UNDR_CROP>
      <OTR_FRUITS_AR_UNDR_IRR> 2 </OTR_FRUITS_AR_UNDR_IRR>
      <POTATOS_AR_UNDR_CROP> 0 </POTATOS_AR_UNDR_CROP>
      <POTATOS_AR_UNDR_IRR> 0 </POTATOS_AR_UNDR_IRR>
      <ONIONS_AR_UNDR_CROP> 505 </ONIONS_AR_UNDR_CROP>
      <ONIONS_AR_UNDR_IRR> 505 </ONIONS_AR_UNDR_IRR>
      <BRINJALS_AR_UNDR_CROP> 73 </BRINJALS_AR_UNDR_CROP>
      <BRINJALS_AR_UNDR_IRR> 59 </BRINJALS_AR_UNDR_IRR>
      <TOMATOS_AR_UNDR_CROP> 101 </TOMATOS_AR_UNDR_CROP>
      <TOMATOS_AR_UNDR_IRR> 86 </TOMATOS_AR_UNDR_IRR>
      <OTR_VEG_UNDR_CROP> 327 </OTR_VEG_UNDR_CROP>
      <OTR_VEG_AR_UNDR_IRR> 161 </OTR_VEG_AR_UNDR_IRR>
      <COTTON_AR_UNDR_CROP> 34245 </COTTON_AR_UNDR_CROP>
      <COTTON_AR_UNDR_IRR> 135 </COTTON_AR_UNDR_IRR>
      <OTR_FIBERCROP_AR_UNDR_CROP> 586 </OTR_FIBERCROP_AR_UNDR_CROP>
      <OTR_FIBERCROP_AR_UNDR_IRR> 0 </OTR_FIBERCROP_AR_UNDR_IRR>
      <GROUNDNUTS_AR_UNDR_CROP> 275 </GROUNDNUTS_AR_UNDR_CROP>
      <GROUNDNUTS_AR_UNDR_IRR> 95 </GROUNDNUTS_AR_UNDR_IRR>
      <SUNFLOWER_AR_UNDR_CROP> 1080 </SUNFLOWER_AR_UNDR_CROP>
      <SUNFLOWER_AR_UNDR_IRR> 295 </SUNFLOWER_AR_UNDR_IRR>
      <SAFFLOWER_AR_UNDR_CROP> 1530 </SAFFLOWER_AR_UNDR_CROP>
      <SAFFLOWER_AR_UNDR_IRR> 0 </SAFFLOWER_AR_UNDR_IRR>
      <SOYABEAN_AR_UNDR_CROP> 1710 </SOYABEAN_AR_UNDR_CROP>
      <SOYABEAN_AR_UNDR_IRR> 0 </SOYABEAN_AR_UNDR_IRR>
      <OTR_OILSEEDS_AR_UNDR_CROP> 135 </OTR_OILSEEDS_AR_UNDR_CROP>
      <OTR_OILSEEDS_AR_UNDR_IRR> 0 </OTR_OILSEEDS_AR_UNDR_IRR>
      <OTRMEDI_MADAK_AR_CROP> 59 </OTRMEDI_MADAK_AR_CROP>
      <OTHERMEDI_MADAK_AR_IRR> 15 </OTHERMEDI_MADAK_AR_IRR>
      <TOT_CHARAPIKE_AR_UNDR_CROP> 11 </TOT_CHARAPIKE_AR_UNDR_CROP>
      <TOT_CHARAPIKE_AR_UNDR_IRR> 0 </TOT_CHARAPIKE_AR_UNDR_IRR>
      <MIS_AKHADY_GRAIN_AR_CROP> 0 </MIS_AKHADY_GRAIN_AR_CROP>
      <MIS_AKHADY_GRAIN_AR_IRR> 0 </MIS_AKHADY_GRAIN_AR_IRR>
      <TOT_LAGAVADIKHALIL_AR_CROP> 83317 </TOT_LAGAVADIKHALIL_AR_CROP>
      <TOT_LAGAVADIKHALIL_AR_IRR> 4508 </TOT_LAGAVADIKHALIL_AR_IRR>
   </IRRIGATION_AREA>
   <IRRIGATION_AREA>
      <REFERENCE_YEAR> 2002-03 </REFERENCE_YEAR>
      <DISTRICT_NAME> Akola </DISTRICT_NAME>
      <DISTRICT_CODE> 501 </DISTRICT_CODE>
      <TALUKA_NAME> Balapur </TALUKA_NAME>
      <TALUKA_CODE> 3990 </TALUKA_CODE>
      <RICE_AR_UNDER_CROP> 0 </RICE_AR_UNDER_CROP>
      <RICE_AR_UNDER_IRR> 0 </RICE_AR_UNDER_IRR>
      <WHEAT_AR_UNDER_CROP> 1650 </WHEAT_AR_UNDER_CROP>
      <WHEAT_AR_UNDER_IRR> 600 </WHEAT_AR_UNDER_IRR>
      <KHARIP_JOWAR_AR_UNDER_CROP> 14733 </KHARIP_JOWAR_AR_UNDER_CROP>
      <KHARIP_JOWAR_AR_UNDER_IRR> 0 </KHARIP_JOWAR_AR_UNDER_IRR>
      <RABBI_JOWAR_AR_UNDER_CROP> 2 </RABBI_JOWAR_AR_UNDER_CROP>
      <RABBI_JOWAR_AR_UNDER_IRR> 0 </RABBI_JOWAR_AR_UNDER_IRR>
      <BAJRA_AR_UNDER_CROP> 244 </BAJRA_AR_UNDER_CROP>
      <BAJRA_AR_UNDER_IRR> 0 </BAJRA_AR_UNDER_IRR>
      <MAIZE_AR_UNDER_CROP> 121 </MAIZE_AR_UNDER_CROP>
      <MAIZE_AR_UNDER_IRR> 0 </MAIZE_AR_UNDER_IRR>
      <WARI_AR_UNDER_CROP> 0 </WARI_AR_UNDER_CROP>
      <WARI_AR_UNDER_IRR> 0 </WARI_AR_UNDER_IRR>
      <RAGI_AR_UNDER_CROP> 0 </RAGI_AR_UNDER_CROP>
      <RAGI_AR_UNDER_IRR> 0 </RAGI_AR_UNDER_IRR>
      <RALA_AR_UNDER_CROP> 0 </RALA_AR_UNDER_CROP>
      <RALA_AR_UNDER_IRR> 0 </RALA_AR_UNDER_IRR>
      <SAWA_AR_UNDER_CROP> 0 </SAWA_AR_UNDER_CROP>
      <SAWA_AR_UNDER_IRR> 0 </SAWA_AR_UNDER_IRR>
      <BHADALI_AR_UNDER_CROP> 0 </BHADALI_AR_UNDER_CROP>
      <BHADALI_AR_UNDER_IRR> 0 </BHADALI_AR_UNDER_IRR>
      <OTHR_CEREALS_AR_UNDR_CROP> 15 </OTHR_CEREALS_AR_UNDR_CROP>
      <OTR_CEREALS_AR_UNDER_IRR> 0 </OTR_CEREALS_AR_UNDER_IRR>
      <GRAM_AR_UNDER_CROP> 5205 </GRAM_AR_UNDER_CROP>
      <GRAM_AR_UNDER_IRR> 509 </GRAM_AR_UNDER_IRR>
      <TUR_AR_UNDER_CROP> 7271 </TUR_AR_UNDER_CROP>
      <TUR_AR_UNDER_IRR> 0 </TUR_AR_UNDER_IRR>
      <MUNG_AR_UNDER_CROP> 7534 </MUNG_AR_UNDER_CROP>
      <MUNG_AR_UNDER_IRR> 0 </MUNG_AR_UNDER_IRR>
      <UDID_AR_UNDER_CROP> 3316 </UDID_AR_UNDER_CROP>
      <UDID_AR_UNDER_IRR> 0 </UDID_AR_UNDER_IRR>
      <KULITH_AR_UNDER_CROP> 0 </KULITH_AR_UNDER_CROP>
      <KULITH_AR_UNDER_IRR> 0 </KULITH_AR_UNDER_IRR>
      <MATH_AR_UNDER_CROP> 6 </MATH_AR_UNDER_CROP>
      <MATH_AR_UNDR_IRR> 0 </MATH_AR_UNDR_IRR>
      <BEANS_AR_UNDR_CROP> 4 </BEANS_AR_UNDR_CROP>
      <BEANS_AR_UNDR_IRR> 0 </BEANS_AR_UNDR_IRR>
      <PEAS_AR_UNDR_CROP> 7 </PEAS_AR_UNDR_CROP>
      <PEAS_AR_UNDR_IRR> 0 </PEAS_AR_UNDR_IRR>
      <OTR_PULSES_AR_UNDR_CROP> 158 </OTR_PULSES_AR_UNDR_CROP>
      <OTR_PULSES_AR_UNDR_IRR> 0 </OTR_PULSES_AR_UNDR_IRR>
      <SUGARCANE_AR_UNDR_CROP> 240 </SUGARCANE_AR_UNDR_CROP>
      <SUGARCANE_AR_UNDR_IRR> 0 </SUGARCANE_AR_UNDR_IRR>
      <CHILLI_AR_UNDR_CROP> 212 </CHILLI_AR_UNDR_CROP>
      <CHILLI_AR_UNDR_IRR> 0 </CHILLI_AR_UNDR_IRR>
      <GARLIC_AR_UNDR_CROP> 12 </GARLIC_AR_UNDR_CROP>
      <GARLIC_AR_UNDR_IRR> 0 </GARLIC_AR_UNDR_IRR>
      <OTR_SPICES_AR_UNDR_CROP> 16 </OTR_SPICES_AR_UNDR_CROP>
      <OTR_SPICES_AR_UNDR_IRR> 285 </OTR_SPICES_AR_UNDR_IRR>
      <MANGO_AR_UNDR_CROP> 469 </MANGO_AR_UNDR_CROP>
      <MANGO_AR_UNDR_IRR> 0 </MANGO_AR_UNDR_IRR>
      <GRAPES_AR_UNDR_CROP> 5 </GRAPES_AR_UNDR_CROP>
      <GRAPES_AR_UNDR_IRR> 0 </GRAPES_AR_UNDR_IRR>
      <CITRUS_FRUITS_AR_UNDR_CROP> 1066 </CITRUS_FRUITS_AR_UNDR_CROP>
      <CITRUS_FRUITS_AR_UNDR_IRR> 0 </CITRUS_FRUITS_AR_UNDR_IRR>
      <BANANA_AR_UNDR_CROP> 62 </BANANA_AR_UNDR_CROP>
      <BANANA_AR_UNDR_IRR> 0 </BANANA_AR_UNDR_IRR>
      <OTR_FRUITS_AR_UNDR_CROP> 115 </OTR_FRUITS_AR_UNDR_CROP>
      <OTR_FRUITS_AR_UNDR_IRR> 1550 </OTR_FRUITS_AR_UNDR_IRR>
      <POTATOS_AR_UNDR_CROP> 22 </POTATOS_AR_UNDR_CROP>
      <POTATOS_AR_UNDR_IRR> 0 </POTATOS_AR_UNDR_IRR>
      <ONIONS_AR_UNDR_CROP> 156 </ONIONS_AR_UNDR_CROP>
      <ONIONS_AR_UNDR_IRR> 0 </ONIONS_AR_UNDR_IRR>
      <BRINJALS_AR_UNDR_CROP> 123 </BRINJALS_AR_UNDR_CROP>
      <BRINJALS_AR_UNDR_IRR> 0 </BRINJALS_AR_UNDR_IRR>
      <TOMATOS_AR_UNDR_CROP> 55 </TOMATOS_AR_UNDR_CROP>
      <TOMATOS_AR_UNDR_IRR> 0 </TOMATOS_AR_UNDR_IRR>
      <OTR_VEG_UNDR_CROP> 139 </OTR_VEG_UNDR_CROP>
      <OTR_VEG_AR_UNDR_IRR> 232 </OTR_VEG_AR_UNDR_IRR>
      <COTTON_AR_UNDR_CROP> 33516 </COTTON_AR_UNDR_CROP>
      <COTTON_AR_UNDR_IRR> 0 </COTTON_AR_UNDR_IRR>
      <OTR_FIBERCROP_AR_UNDR_CROP> 75 </OTR_FIBERCROP_AR_UNDR_CROP>
      <OTR_FIBERCROP_AR_UNDR_IRR> 0 </OTR_FIBERCROP_AR_UNDR_IRR>
      <GROUNDNUTS_AR_UNDR_CROP> 76 </GROUNDNUTS_AR_UNDR_CROP>
      <GROUNDNUTS_AR_UNDR_IRR> 24 </GROUNDNUTS_AR_UNDR_IRR>
      <SUNFLOWER_AR_UNDR_CROP> 621 </SUNFLOWER_AR_UNDR_CROP>
      <SUNFLOWER_AR_UNDR_IRR> 232 </SUNFLOWER_AR_UNDR_IRR>
      <SAFFLOWER_AR_UNDR_CROP> 95 </SAFFLOWER_AR_UNDR_CROP>
      <SAFFLOWER_AR_UNDR_IRR> 0 </SAFFLOWER_AR_UNDR_IRR>
      <SOYABEAN_AR_UNDR_CROP> 2338 </SOYABEAN_AR_UNDR_CROP>
      <SOYABEAN_AR_UNDR_IRR> 0 </SOYABEAN_AR_UNDR_IRR>
      <OTR_OILSEEDS_AR_UNDR_CROP> 176 </OTR_OILSEEDS_AR_UNDR_CROP>
      <OTR_OILSEEDS_AR_UNDR_IRR> 0 </OTR_OILSEEDS_AR_UNDR_IRR>
      <OTRMEDI_MADAK_AR_CROP> 6 </OTRMEDI_MADAK_AR_CROP>
      <OTHERMEDI_MADAK_AR_IRR> 80 </OTHERMEDI_MADAK_AR_IRR>
      <TOT_CHARAPIKE_AR_UNDR_CROP> 49 </TOT_CHARAPIKE_AR_UNDR_CROP>
      <TOT_CHARAPIKE_AR_UNDR_IRR> 12 </TOT_CHARAPIKE_AR_UNDR_IRR>
      <MIS_AKHADY_GRAIN_AR_CROP> 30 </MIS_AKHADY_GRAIN_AR_CROP>
      <MIS_AKHADY_GRAIN_AR_IRR> 0 </MIS_AKHADY_GRAIN_AR_IRR>
      <TOT_LAGAVADIKHALIL_AR_CROP> 70948 </TOT_LAGAVADIKHALIL_AR_CROP>
      <TOT_LAGAVADIKHALIL_AR_IRR> 3524 </TOT_LAGAVADIKHALIL_AR_IRR>
   </IRRIGATION_AREA>
   <IRRIGATION_AREA>
      <REFERENCE_YEAR> 2002-03 </REFERENCE_YEAR>
      <DISTRICT_NAME> Akola </DISTRICT_NAME>
      <DISTRICT_CODE> 501 </DISTRICT_CODE>
      <TALUKA_NAME> Balapur </TALUKA_NAME>
      <TALUKA_CODE> 3990 </TALUKA_CODE>
      <RICE_AR_UNDER_CROP> 0 </RICE_AR_UNDER_CROP>
      <RICE_AR_UNDER_IRR> 0 </RICE_AR_UNDER_IRR>
      <WHEAT_AR_UNDER_CROP> 540 </WHEAT_AR_UNDER_CROP>
      <WHEAT_AR_UNDER_IRR> 540 </WHEAT_AR_UNDER_IRR>
      <KHARIP_JOWAR_AR_UNDER_CROP> 14978 </KHARIP_JOWAR_AR_UNDER_CROP>
      <KHARIP_JOWAR_AR_UNDER_IRR> 0 </KHARIP_JOWAR_AR_UNDER_IRR>
      <RABBI_JOWAR_AR_UNDER_CROP> 0 </RABBI_JOWAR_AR_UNDER_CROP>
      <RABBI_JOWAR_AR_UNDER_IRR> 0 </RABBI_JOWAR_AR_UNDER_IRR>
      <BAJRA_AR_UNDER_CROP> 35 </BAJRA_AR_UNDER_CROP>
      <BAJRA_AR_UNDER_IRR> 0 </BAJRA_AR_UNDER_IRR>
      <MAIZE_AR_UNDER_CROP> 1255 </MAIZE_AR_UNDER_CROP>
      <MAIZE_AR_UNDER_IRR> 0 </MAIZE_AR_UNDER_IRR>
      <WARI_AR_UNDER_CROP> 0 </WARI_AR_UNDER_CROP>
      <WARI_AR_UNDER_IRR> 0 </WARI_AR_UNDER_IRR>
      <RAGI_AR_UNDER_CROP> 0 </RAGI_AR_UNDER_CROP>
      <RAGI_AR_UNDER_IRR> 0 </RAGI_AR_UNDER_IRR>
      <RALA_AR_UNDER_CROP> 0 </RALA_AR_UNDER_CROP>
      <RALA_AR_UNDER_IRR> 0 </RALA_AR_UNDER_IRR>
      <SAWA_AR_UNDER_CROP> 0 </SAWA_AR_UNDER_CROP>
      <SAWA_AR_UNDER_IRR> 0 </SAWA_AR_UNDER_IRR>
      <BHADALI_AR_UNDER_CROP> 0 </BHADALI_AR_UNDER_CROP>
      <BHADALI_AR_UNDER_IRR> 0 </BHADALI_AR_UNDER_IRR>
      <OTHR_CEREALS_AR_UNDR_CROP> 0 </OTHR_CEREALS_AR_UNDR_CROP>
      <OTR_CEREALS_AR_UNDER_IRR> 0 </OTR_CEREALS_AR_UNDER_IRR>
      <GRAM_AR_UNDER_CROP> 2415 </GRAM_AR_UNDER_CROP>
      <GRAM_AR_UNDER_IRR> 0 </GRAM_AR_UNDER_IRR>
      <TUR_AR_UNDER_CROP> 3180 </TUR_AR_UNDER_CROP>
      <TUR_AR_UNDER_IRR> 0 </TUR_AR_UNDER_IRR>
      <MUNG_AR_UNDER_CROP> 2645 </MUNG_AR_UNDER_CROP>
      <MUNG_AR_UNDER_IRR> 0 </MUNG_AR_UNDER_IRR>
      <UDID_AR_UNDER_CROP> 591 </UDID_AR_UNDER_CROP>
      <UDID_AR_UNDER_IRR> 0 </UDID_AR_UNDER_IRR>
      <KULITH_AR_UNDER_CROP> 0 </KULITH_AR_UNDER_CROP>
      <KULITH_AR_UNDER_IRR> 0 </KULITH_AR_UNDER_IRR>
      <MATH_AR_UNDER_CROP> 0 </MATH_AR_UNDER_CROP>
      <MATH_AR_UNDR_IRR> 0 </MATH_AR_UNDR_IRR>
      <BEANS_AR_UNDR_CROP> 0 </BEANS_AR_UNDR_CROP>
      <BEANS_AR_UNDR_IRR> 0 </BEANS_AR_UNDR_IRR>
      <PEAS_AR_UNDR_CROP> 0 </PEAS_AR_UNDR_CROP>
      <PEAS_AR_UNDR_IRR> 0 </PEAS_AR_UNDR_IRR>
      <OTR_PULSES_AR_UNDR_CROP> 150 </OTR_PULSES_AR_UNDR_CROP>
      <OTR_PULSES_AR_UNDR_IRR> 0 </OTR_PULSES_AR_UNDR_IRR>
      <SUGARCANE_AR_UNDR_CROP> 9 </SUGARCANE_AR_UNDR_CROP>
      <SUGARCANE_AR_UNDR_IRR> 9 </SUGARCANE_AR_UNDR_IRR>
      <CHILLI_AR_UNDR_CROP> 25 </CHILLI_AR_UNDR_CROP>
      <CHILLI_AR_UNDR_IRR> 25 </CHILLI_AR_UNDR_IRR>
      <GARLIC_AR_UNDR_CROP> 0 </GARLIC_AR_UNDR_CROP>
      <GARLIC_AR_UNDR_IRR> 0 </GARLIC_AR_UNDR_IRR>
      <OTR_SPICES_AR_UNDR_CROP> 15 </OTR_SPICES_AR_UNDR_CROP>
      <OTR_SPICES_AR_UNDR_IRR> 70 </OTR_SPICES_AR_UNDR_IRR>
      <MANGO_AR_UNDR_CROP> 0 </MANGO_AR_UNDR_CROP>
      <MANGO_AR_UNDR_IRR> 0 </MANGO_AR_UNDR_IRR>
      <GRAPES_AR_UNDR_CROP> 0 </GRAPES_AR_UNDR_CROP>
      <GRAPES_AR_UNDR_IRR> 0 </GRAPES_AR_UNDR_IRR>
      <CITRUS_FRUITS_AR_UNDR_CROP> 216 </CITRUS_FRUITS_AR_UNDR_CROP>
      <CITRUS_FRUITS_AR_UNDR_IRR> 216 </CITRUS_FRUITS_AR_UNDR_IRR>
      <BANANA_AR_UNDR_CROP> 9 </BANANA_AR_UNDR_CROP>
      <BANANA_AR_UNDR_IRR> 9 </BANANA_AR_UNDR_IRR>
      <OTR_FRUITS_AR_UNDR_CROP> 30 </OTR_FRUITS_AR_UNDR_CROP>
      <OTR_FRUITS_AR_UNDR_IRR> 30 </OTR_FRUITS_AR_UNDR_IRR>
      <POTATOS_AR_UNDR_CROP> 0 </POTATOS_AR_UNDR_CROP>
      <POTATOS_AR_UNDR_IRR> 0 </POTATOS_AR_UNDR_IRR>
      <ONIONS_AR_UNDR_CROP> 170 </ONIONS_AR_UNDR_CROP>
      <ONIONS_AR_UNDR_IRR> 170 </ONIONS_AR_UNDR_IRR>
      <BRINJALS_AR_UNDR_CROP> 15 </BRINJALS_AR_UNDR_CROP>
      <BRINJALS_AR_UNDR_IRR> 0 </BRINJALS_AR_UNDR_IRR>
      <TOMATOS_AR_UNDR_CROP> 0 </TOMATOS_AR_UNDR_CROP>
      <TOMATOS_AR_UNDR_IRR> 0 </TOMATOS_AR_UNDR_IRR>
      <OTR_VEG_UNDR_CROP> 95 </OTR_VEG_UNDR_CROP>
      <OTR_VEG_AR_UNDR_IRR> 110 </OTR_VEG_AR_UNDR_IRR>
      <COTTON_AR_UNDR_CROP> 31458 </COTTON_AR_UNDR_CROP>
      <COTTON_AR_UNDR_IRR> 1623 </COTTON_AR_UNDR_IRR>
      <OTR_FIBERCROP_AR_UNDR_CROP> 0 </OTR_FIBERCROP_AR_UNDR_CROP>
      <OTR_FIBERCROP_AR_UNDR_IRR> 0 </OTR_FIBERCROP_AR_UNDR_IRR>
      <GROUNDNUTS_AR_UNDR_CROP> 21 </GROUNDNUTS_AR_UNDR_CROP>
      <GROUNDNUTS_AR_UNDR_IRR> 0 </GROUNDNUTS_AR_UNDR_IRR>
      <SUNFLOWER_AR_UNDR_CROP> 1174 </SUNFLOWER_AR_UNDR_CROP>
      <SUNFLOWER_AR_UNDR_IRR> 3640 </SUNFLOWER_AR_UNDR_IRR>
      <SAFFLOWER_AR_UNDR_CROP> 250 </SAFFLOWER_AR_UNDR_CROP>
      <SAFFLOWER_AR_UNDR_IRR> 0 </SAFFLOWER_AR_UNDR_IRR>
      <SOYABEAN_AR_UNDR_CROP> 524 </SOYABEAN_AR_UNDR_CROP>
      <SOYABEAN_AR_UNDR_IRR> 0 </SOYABEAN_AR_UNDR_IRR>
      <OTR_OILSEEDS_AR_UNDR_CROP> 26 </OTR_OILSEEDS_AR_UNDR_CROP>
      <OTR_OILSEEDS_AR_UNDR_IRR> 0 </OTR_OILSEEDS_AR_UNDR_IRR>
      <OTRMEDI_MADAK_AR_CROP> 0 </OTRMEDI_MADAK_AR_CROP>
      <OTHERMEDI_MADAK_AR_IRR> 0 </OTHERMEDI_MADAK_AR_IRR>
      <TOT_CHARAPIKE_AR_UNDR_CROP> 268 </TOT_CHARAPIKE_AR_UNDR_CROP>
      <TOT_CHARAPIKE_AR_UNDR_IRR> 108 </TOT_CHARAPIKE_AR_UNDR_IRR>
      <MIS_AKHADY_GRAIN_AR_CROP> 0 </MIS_AKHADY_GRAIN_AR_CROP>
      <MIS_AKHADY_GRAIN_AR_IRR> 0 </MIS_AKHADY_GRAIN_AR_IRR>
      <TOT_LAGAVADIKHALIL_AR_CROP> 61753 </TOT_LAGAVADIKHALIL_AR_CROP>
      <TOT_LAGAVADIKHALIL_AR_IRR> 6550 </TOT_LAGAVADIKHALIL_AR_IRR>
   </IRRIGATION_AREA>
   <IRRIGATION_AREA>
      <REFERENCE_YEAR> 2002-03 </REFERENCE_YEAR>
      <DISTRICT_NAME> Akola </DISTRICT_NAME>
      <DISTRICT_CODE> 501 </DISTRICT_CODE>
      <TALUKA_NAME> Akola </TALUKA_NAME>
      <TALUKA_CODE> 3991 </TALUKA_CODE>
      <RICE_AR_UNDER_CROP> 0 </RICE_AR_UNDER_CROP>
      <RICE_AR_UNDER_IRR> 0 </RICE_AR_UNDER_IRR>
      <WHEAT_AR_UNDER_CROP> 750 </WHEAT_AR_UNDER_CROP>
      <WHEAT_AR_UNDER_IRR> 1893 </WHEAT_AR_UNDER_IRR>
      <KHARIP_JOWAR_AR_UNDER_CROP> 10522 </KHARIP_JOWAR_AR_UNDER_CROP>
      <KHARIP_JOWAR_AR_UNDER_IRR> 0 </KHARIP_JOWAR_AR_UNDER_IRR>
      <RABBI_JOWAR_AR_UNDER_CROP> 35 </RABBI_JOWAR_AR_UNDER_CROP>
      <RABBI_JOWAR_AR_UNDER_IRR> 0 </RABBI_JOWAR_AR_UNDER_IRR>
      <BAJRA_AR_UNDER_CROP> 370 </BAJRA_AR_UNDER_CROP>
      <BAJRA_AR_UNDER_IRR> 0 </BAJRA_AR_UNDER_IRR>
      <MAIZE_AR_UNDER_CROP> 62 </MAIZE_AR_UNDER_CROP>
      <MAIZE_AR_UNDER_IRR> 0 </MAIZE_AR_UNDER_IRR>
      <WARI_AR_UNDER_CROP> 0 </WARI_AR_UNDER_CROP>
      <WARI_AR_UNDER_IRR> 0 </WARI_AR_UNDER_IRR>
      <RAGI_AR_UNDER_CROP> 0 </RAGI_AR_UNDER_CROP>
      <RAGI_AR_UNDER_IRR> 0 </RAGI_AR_UNDER_IRR>
      <RALA_AR_UNDER_CROP> 0 </RALA_AR_UNDER_CROP>
      <RALA_AR_UNDER_IRR> 0 </RALA_AR_UNDER_IRR>
      <SAWA_AR_UNDER_CROP> 0 </SAWA_AR_UNDER_CROP>
      <SAWA_AR_UNDER_IRR> 0 </SAWA_AR_UNDER_IRR>
      <BHADALI_AR_UNDER_CROP> 0 </BHADALI_AR_UNDER_CROP>
      <BHADALI_AR_UNDER_IRR> 0 </BHADALI_AR_UNDER_IRR>
      <OTHR_CEREALS_AR_UNDR_CROP> 7 </OTHR_CEREALS_AR_UNDR_CROP>
      <OTR_CEREALS_AR_UNDER_IRR> 0 </OTR_CEREALS_AR_UNDER_IRR>
      <GRAM_AR_UNDER_CROP> 4184 </GRAM_AR_UNDER_CROP>
      <GRAM_AR_UNDER_IRR> 34 </GRAM_AR_UNDER_IRR>
      <TUR_AR_UNDER_CROP> 7134 </TUR_AR_UNDER_CROP>
      <TUR_AR_UNDER_IRR> 0 </TUR_AR_UNDER_IRR>
      <MUNG_AR_UNDER_CROP> 8157 </MUNG_AR_UNDER_CROP>
      <MUNG_AR_UNDER_IRR> 0 </MUNG_AR_UNDER_IRR>
      <UDID_AR_UNDER_CROP> 736 </UDID_AR_UNDER_CROP>
      <UDID_AR_UNDER_IRR> 0 </UDID_AR_UNDER_IRR>
      <KULITH_AR_UNDER_CROP> 0 </KULITH_AR_UNDER_CROP>
      <KULITH_AR_UNDER_IRR> 0 </KULITH_AR_UNDER_IRR>
      <MATH_AR_UNDER_CROP> 63 </MATH_AR_UNDER_CROP>
      <MATH_AR_UNDR_IRR> 0 </MATH_AR_UNDR_IRR>
      <BEANS_AR_UNDR_CROP> 1 </BEANS_AR_UNDR_CROP>
      <BEANS_AR_UNDR_IRR> 0 </BEANS_AR_UNDR_IRR>
      <PEAS_AR_UNDR_CROP> 0 </PEAS_AR_UNDR_CROP>
      <PEAS_AR_UNDR_IRR> 0 </PEAS_AR_UNDR_IRR>
      <OTR_PULSES_AR_UNDR_CROP> 48 </OTR_PULSES_AR_UNDR_CROP>
      <OTR_PULSES_AR_UNDR_IRR> 0 </OTR_PULSES_AR_UNDR_IRR>
      <SUGARCANE_AR_UNDR_CROP> 25 </SUGARCANE_AR_UNDR_CROP>
      <SUGARCANE_AR_UNDR_IRR> 34 </SUGARCANE_AR_UNDR_IRR>
      <CHILLI_AR_UNDR_CROP> 240 </CHILLI_AR_UNDR_CROP>
      <CHILLI_AR_UNDR_IRR> 0 </CHILLI_AR_UNDR_IRR>
      <GARLIC_AR_UNDR_CROP> 35 </GARLIC_AR_UNDR_CROP>
      <GARLIC_AR_UNDR_IRR> 0 </GARLIC_AR_UNDR_IRR>
      <OTR_SPICES_AR_UNDR_CROP> 18 </OTR_SPICES_AR_UNDR_CROP>
      <OTR_SPICES_AR_UNDR_IRR> 110 </OTR_SPICES_AR_UNDR_IRR>
      <MANGO_AR_UNDR_CROP> 374 </MANGO_AR_UNDR_CROP>
      <MANGO_AR_UNDR_IRR> 0 </MANGO_AR_UNDR_IRR>
      <GRAPES_AR_UNDR_CROP> 4 </GRAPES_AR_UNDR_CROP>
      <GRAPES_AR_UNDR_IRR> 0 </GRAPES_AR_UNDR_IRR>
      <CITRUS_FRUITS_AR_UNDR_CROP> 544 </CITRUS_FRUITS_AR_UNDR_CROP>
      <CITRUS_FRUITS_AR_UNDR_IRR> 0 </CITRUS_FRUITS_AR_UNDR_IRR>
      <BANANA_AR_UNDR_CROP> 42 </BANANA_AR_UNDR_CROP>
      <BANANA_AR_UNDR_IRR> 0 </BANANA_AR_UNDR_IRR>
      <OTR_FRUITS_AR_UNDR_CROP> 209 </OTR_FRUITS_AR_UNDR_CROP>
      <OTR_FRUITS_AR_UNDR_IRR> 573 </OTR_FRUITS_AR_UNDR_IRR>
      <POTATOS_AR_UNDR_CROP> 5 </POTATOS_AR_UNDR_CROP>
      <POTATOS_AR_UNDR_IRR> 0 </POTATOS_AR_UNDR_IRR>
      <ONIONS_AR_UNDR_CROP> 141 </ONIONS_AR_UNDR_CROP>
      <ONIONS_AR_UNDR_IRR> 0 </ONIONS_AR_UNDR_IRR>
      <BRINJALS_AR_UNDR_CROP> 105 </BRINJALS_AR_UNDR_CROP>
      <BRINJALS_AR_UNDR_IRR> 0 </BRINJALS_AR_UNDR_IRR>
      <TOMATOS_AR_UNDR_CROP> 41 </TOMATOS_AR_UNDR_CROP>
      <TOMATOS_AR_UNDR_IRR> 0 </TOMATOS_AR_UNDR_IRR>
      <OTR_VEG_UNDR_CROP> 114 </OTR_VEG_UNDR_CROP>
      <OTR_VEG_AR_UNDR_IRR> 389 </OTR_VEG_AR_UNDR_IRR>
      <COTTON_AR_UNDR_CROP> 43456 </COTTON_AR_UNDR_CROP>
      <COTTON_AR_UNDR_IRR> 0 </COTTON_AR_UNDR_IRR>
      <OTR_FIBERCROP_AR_UNDR_CROP> 23 </OTR_FIBERCROP_AR_UNDR_CROP>
      <OTR_FIBERCROP_AR_UNDR_IRR> 0 </OTR_FIBERCROP_AR_UNDR_IRR>
      <GROUNDNUTS_AR_UNDR_CROP> 124 </GROUNDNUTS_AR_UNDR_CROP>
      <GROUNDNUTS_AR_UNDR_IRR> 0 </GROUNDNUTS_AR_UNDR_IRR>
      <SUNFLOWER_AR_UNDR_CROP> 285 </SUNFLOWER_AR_UNDR_CROP>
      <SUNFLOWER_AR_UNDR_IRR> 20 </SUNFLOWER_AR_UNDR_IRR>
      <SAFFLOWER_AR_UNDR_CROP> 1045 </SAFFLOWER_AR_UNDR_CROP>
      <SAFFLOWER_AR_UNDR_IRR> 0 </SAFFLOWER_AR_UNDR_IRR>
      <SOYABEAN_AR_UNDR_CROP> 5960 </SOYABEAN_AR_UNDR_CROP>
      <SOYABEAN_AR_UNDR_IRR> 0 </SOYABEAN_AR_UNDR_IRR>
      <OTR_OILSEEDS_AR_UNDR_CROP> 385 </OTR_OILSEEDS_AR_UNDR_CROP>
      <OTR_OILSEEDS_AR_UNDR_IRR> 0 </OTR_OILSEEDS_AR_UNDR_IRR>
      <OTRMEDI_MADAK_AR_CROP> 19 </OTRMEDI_MADAK_AR_CROP>
      <OTHERMEDI_MADAK_AR_IRR> 0 </OTHERMEDI_MADAK_AR_IRR>
      <TOT_CHARAPIKE_AR_UNDR_CROP> 36 </TOT_CHARAPIKE_AR_UNDR_CROP>
      <TOT_CHARAPIKE_AR_UNDR_IRR> 12 </TOT_CHARAPIKE_AR_UNDR_IRR>
      <MIS_AKHADY_GRAIN_AR_CROP> 37 </MIS_AKHADY_GRAIN_AR_CROP>
      <MIS_AKHADY_GRAIN_AR_IRR> 3 </MIS_AKHADY_GRAIN_AR_IRR>
      <TOT_LAGAVADIKHALIL_AR_CROP> 99786 </TOT_LAGAVADIKHALIL_AR_CROP>
      <TOT_LAGAVADIKHALIL_AR_IRR> 3068 </TOT_LAGAVADIKHALIL_AR_IRR>
   </IRRIGATION_AREA>
   <IRRIGATION_AREA>
      <REFERENCE_YEAR> 2002-03 </REFERENCE_YEAR>
      <DISTRICT_NAME> Akola </DISTRICT_NAME>
      <DISTRICT_CODE> 501 </DISTRICT_CODE>
      <TALUKA_NAME> Akola </TALUKA_NAME>
      <TALUKA_CODE> 3991 </TALUKA_CODE>
      <RICE_AR_UNDER_CROP> 0 </RICE_AR_UNDER_CROP>
      <RICE_AR_UNDER_IRR> 0 </RICE_AR_UNDER_IRR>
      <WHEAT_AR_UNDER_CROP> 2722 </WHEAT_AR_UNDER_CROP>
      <WHEAT_AR_UNDER_IRR> 731 </WHEAT_AR_UNDER_IRR>
      <KHARIP_JOWAR_AR_UNDER_CROP> 18760 </KHARIP_JOWAR_AR_UNDER_CROP>
      <KHARIP_JOWAR_AR_UNDER_IRR> 0 </KHARIP_JOWAR_AR_UNDER_IRR>
      <RABBI_JOWAR_AR_UNDER_CROP> 0 </RABBI_JOWAR_AR_UNDER_CROP>
      <RABBI_JOWAR_AR_UNDER_IRR> 0 </RABBI_JOWAR_AR_UNDER_IRR>
      <BAJRA_AR_UNDER_CROP> 410 </BAJRA_AR_UNDER_CROP>
      <BAJRA_AR_UNDER_IRR> 0 </BAJRA_AR_UNDER_IRR>
      <MAIZE_AR_UNDER_CROP> 56 </MAIZE_AR_UNDER_CROP>
      <MAIZE_AR_UNDER_IRR> 0 </MAIZE_AR_UNDER_IRR>
      <WARI_AR_UNDER_CROP> 0 </WARI_AR_UNDER_CROP>
      <WARI_AR_UNDER_IRR> 0 </WARI_AR_UNDER_IRR>
      <RAGI_AR_UNDER_CROP> 0 </RAGI_AR_UNDER_CROP>
      <RAGI_AR_UNDER_IRR> 0 </RAGI_AR_UNDER_IRR>
      <RALA_AR_UNDER_CROP> 0 </RALA_AR_UNDER_CROP>
      <RALA_AR_UNDER_IRR> 0 </RALA_AR_UNDER_IRR>
      <SAWA_AR_UNDER_CROP> 0 </SAWA_AR_UNDER_CROP>
      <SAWA_AR_UNDER_IRR> 0 </SAWA_AR_UNDER_IRR>
      <BHADALI_AR_UNDER_CROP> 0 </BHADALI_AR_UNDER_CROP>
      <BHADALI_AR_UNDER_IRR> 0 </BHADALI_AR_UNDER_IRR>
      <OTHR_CEREALS_AR_UNDR_CROP> 0 </OTHR_CEREALS_AR_UNDR_CROP>
      <OTR_CEREALS_AR_UNDER_IRR> 0 </OTR_CEREALS_AR_UNDER_IRR>
      <GRAM_AR_UNDER_CROP> 353 </GRAM_AR_UNDER_CROP>
      <GRAM_AR_UNDER_IRR> 353 </GRAM_AR_UNDER_IRR>
      <TUR_AR_UNDER_CROP> 5700 </TUR_AR_UNDER_CROP>
      <TUR_AR_UNDER_IRR> 0 </TUR_AR_UNDER_IRR>
      <MUNG_AR_UNDER_CROP> 12999 </MUNG_AR_UNDER_CROP>
      <MUNG_AR_UNDER_IRR> 0 </MUNG_AR_UNDER_IRR>
      <UDID_AR_UNDER_CROP> 3347 </UDID_AR_UNDER_CROP>
      <UDID_AR_UNDER_IRR> 0 </UDID_AR_UNDER_IRR>
      <KULITH_AR_UNDER_CROP> 0 </KULITH_AR_UNDER_CROP>
      <KULITH_AR_UNDER_IRR> 0 </KULITH_AR_UNDER_IRR>
      <MATH_AR_UNDER_CROP> 61 </MATH_AR_UNDER_CROP>
      <MATH_AR_UNDR_IRR> 0 </MATH_AR_UNDR_IRR>
      <BEANS_AR_UNDR_CROP> 0 </BEANS_AR_UNDR_CROP>
      <BEANS_AR_UNDR_IRR> 0 </BEANS_AR_UNDR_IRR>
      <PEAS_AR_UNDR_CROP> 0 </PEAS_AR_UNDR_CROP>
      <PEAS_AR_UNDR_IRR> 0 </PEAS_AR_UNDR_IRR>
      <OTR_PULSES_AR_UNDR_CROP> 0 </OTR_PULSES_AR_UNDR_CROP>
      <OTR_PULSES_AR_UNDR_IRR> 0 </OTR_PULSES_AR_UNDR_IRR>
      <SUGARCANE_AR_UNDR_CROP> 26 </SUGARCANE_AR_UNDR_CROP>
      <SUGARCANE_AR_UNDR_IRR> 26 </SUGARCANE_AR_UNDR_IRR>
      <CHILLI_AR_UNDR_CROP> 0 </CHILLI_AR_UNDR_CROP>
      <CHILLI_AR_UNDR_IRR> 0 </CHILLI_AR_UNDR_IRR>
      <GARLIC_AR_UNDR_CROP> 0 </GARLIC_AR_UNDR_CROP>
      <GARLIC_AR_UNDR_IRR> 0 </GARLIC_AR_UNDR_IRR>
      <OTR_SPICES_AR_UNDR_CROP> 0 </OTR_SPICES_AR_UNDR_CROP>
      <OTR_SPICES_AR_UNDR_IRR> 0 </OTR_SPICES_AR_UNDR_IRR>
      <MANGO_AR_UNDR_CROP> 0 </MANGO_AR_UNDR_CROP>
      <MANGO_AR_UNDR_IRR> 0 </MANGO_AR_UNDR_IRR>
      <GRAPES_AR_UNDR_CROP> 0 </GRAPES_AR_UNDR_CROP>
      <GRAPES_AR_UNDR_IRR> 0 </GRAPES_AR_UNDR_IRR>
      <CITRUS_FRUITS_AR_UNDR_CROP> 0 </CITRUS_FRUITS_AR_UNDR_CROP>
      <CITRUS_FRUITS_AR_UNDR_IRR> 0 </CITRUS_FRUITS_AR_UNDR_IRR>
      <BANANA_AR_UNDR_CROP> 0 </BANANA_AR_UNDR_CROP>
      <BANANA_AR_UNDR_IRR> 0 </BANANA_AR_UNDR_IRR>
      <OTR_FRUITS_AR_UNDR_CROP> 219 </OTR_FRUITS_AR_UNDR_CROP>
      <OTR_FRUITS_AR_UNDR_IRR> 190 </OTR_FRUITS_AR_UNDR_IRR>
      <POTATOS_AR_UNDR_CROP> 0 </POTATOS_AR_UNDR_CROP>
      <POTATOS_AR_UNDR_IRR> 0 </POTATOS_AR_UNDR_IRR>
      <ONIONS_AR_UNDR_CROP> 43 </ONIONS_AR_UNDR_CROP>
      <ONIONS_AR_UNDR_IRR> 0 </ONIONS_AR_UNDR_IRR>
      <BRINJALS_AR_UNDR_CROP> 0 </BRINJALS_AR_UNDR_CROP>
      <BRINJALS_AR_UNDR_IRR> 0 </BRINJALS_AR_UNDR_IRR>
      <TOMATOS_AR_UNDR_CROP> 15 </TOMATOS_AR_UNDR_CROP>
      <TOMATOS_AR_UNDR_IRR> 0 </TOMATOS_AR_UNDR_IRR>
      <OTR_VEG_UNDR_CROP> 0 </OTR_VEG_UNDR_CROP>
      <OTR_VEG_AR_UNDR_IRR> 232 </OTR_VEG_AR_UNDR_IRR>
      <COTTON_AR_UNDR_CROP> 41347 </COTTON_AR_UNDR_CROP>
      <COTTON_AR_UNDR_IRR> 0 </COTTON_AR_UNDR_IRR>
      <OTR_FIBERCROP_AR_UNDR_CROP> 0 </OTR_FIBERCROP_AR_UNDR_CROP>
      <OTR_FIBERCROP_AR_UNDR_IRR> 0 </OTR_FIBERCROP_AR_UNDR_IRR>
      <GROUNDNUTS_AR_UNDR_CROP> 0 </GROUNDNUTS_AR_UNDR_CROP>
      <GROUNDNUTS_AR_UNDR_IRR> 0 </GROUNDNUTS_AR_UNDR_IRR>
      <SUNFLOWER_AR_UNDR_CROP> 230 </SUNFLOWER_AR_UNDR_CROP>
      <SUNFLOWER_AR_UNDR_IRR> 300 </SUNFLOWER_AR_UNDR_IRR>
      <SAFFLOWER_AR_UNDR_CROP> 0 </SAFFLOWER_AR_UNDR_CROP>
      <SAFFLOWER_AR_UNDR_IRR> 0 </SAFFLOWER_AR_UNDR_IRR>
      <SOYABEAN_AR_UNDR_CROP> 0 </SOYABEAN_AR_UNDR_CROP>
      <SOYABEAN_AR_UNDR_IRR> 0 </SOYABEAN_AR_UNDR_IRR>
      <OTR_OILSEEDS_AR_UNDR_CROP> 2403 </OTR_OILSEEDS_AR_UNDR_CROP>
      <OTR_OILSEEDS_AR_UNDR_IRR> 230 </OTR_OILSEEDS_AR_UNDR_IRR>
      <OTRMEDI_MADAK_AR_CROP> 0 </OTRMEDI_MADAK_AR_CROP>
      <OTHERMEDI_MADAK_AR_IRR> 0 </OTHERMEDI_MADAK_AR_IRR>
      <TOT_CHARAPIKE_AR_UNDR_CROP> 103 </TOT_CHARAPIKE_AR_UNDR_CROP>
      <TOT_CHARAPIKE_AR_UNDR_IRR> 4 </TOT_CHARAPIKE_AR_UNDR_IRR>
      <MIS_AKHADY_GRAIN_AR_CROP> 0 </MIS_AKHADY_GRAIN_AR_CROP>
      <MIS_AKHADY_GRAIN_AR_IRR> 0 </MIS_AKHADY_GRAIN_AR_IRR>
      <TOT_LAGAVADIKHALIL_AR_CROP> 88521 </TOT_LAGAVADIKHALIL_AR_CROP>
      <TOT_LAGAVADIKHALIL_AR_IRR> 2066 </TOT_LAGAVADIKHALIL_AR_IRR>
   </IRRIGATION_AREA>
   <IRRIGATION_AREA>
      <REFERENCE_YEAR> 2002-03 </REFERENCE_YEAR>
      <DISTRICT_NAME> Akola </DISTRICT_NAME>
      <DISTRICT_CODE> 501 </DISTRICT_CODE>
      <TALUKA_NAME> Murtijapur </TALUKA_NAME>
      <TALUKA_CODE> 3992 </TALUKA_CODE>
      <RICE_AR_UNDER_CROP> 0 </RICE_AR_UNDER_CROP>
      <RICE_AR_UNDER_IRR> 0 </RICE_AR_UNDER_IRR>
      <WHEAT_AR_UNDER_CROP> 723 </WHEAT_AR_UNDER_CROP>
      <WHEAT_AR_UNDER_IRR> 200 </WHEAT_AR_UNDER_IRR>
      <KHARIP_JOWAR_AR_UNDER_CROP> 8744 </KHARIP_JOWAR_AR_UNDER_CROP>
      <KHARIP_JOWAR_AR_UNDER_IRR> 0 </KHARIP_JOWAR_AR_UNDER_IRR>
      <RABBI_JOWAR_AR_UNDER_CROP> 12 </RABBI_JOWAR_AR_UNDER_CROP>
      <RABBI_JOWAR_AR_UNDER_IRR> 0 </RABBI_JOWAR_AR_UNDER_IRR>
      <BAJRA_AR_UNDER_CROP> 638 </BAJRA_AR_UNDER_CROP>
      <BAJRA_AR_UNDER_IRR> 0 </BAJRA_AR_UNDER_IRR>
      <MAIZE_AR_UNDER_CROP> 40 </MAIZE_AR_UNDER_CROP>
      <MAIZE_AR_UNDER_IRR> 0 </MAIZE_AR_UNDER_IRR>
      <WARI_AR_UNDER_CROP> 0 </WARI_AR_UNDER_CROP>
      <WARI_AR_UNDER_IRR> 0 </WARI_AR_UNDER_IRR>
      <RAGI_AR_UNDER_CROP> 0 </RAGI_AR_UNDER_CROP>
      <RAGI_AR_UNDER_IRR> 0 </RAGI_AR_UNDER_IRR>
      <RALA_AR_UNDER_CROP> 0 </RALA_AR_UNDER_CROP>
      <RALA_AR_UNDER_IRR> 0 </RALA_AR_UNDER_IRR>
      <SAWA_AR_UNDER_CROP> 0 </SAWA_AR_UNDER_CROP>
      <SAWA_AR_UNDER_IRR> 0 </SAWA_AR_UNDER_IRR>
      <BHADALI_AR_UNDER_CROP> 0 </BHADALI_AR_UNDER_CROP>
      <BHADALI_AR_UNDER_IRR> 0 </BHADALI_AR_UNDER_IRR>
      <OTHR_CEREALS_AR_UNDR_CROP> 2 </OTHR_CEREALS_AR_UNDR_CROP>
      <OTR_CEREALS_AR_UNDER_IRR> 0 </OTR_CEREALS_AR_UNDER_IRR>
      <GRAM_AR_UNDER_CROP> 2934 </GRAM_AR_UNDER_CROP>
      <GRAM_AR_UNDER_IRR> 50 </GRAM_AR_UNDER_IRR>
      <TUR_AR_UNDER_CROP> 7051 </TUR_AR_UNDER_CROP>
      <TUR_AR_UNDER_IRR> 0 </TUR_AR_UNDER_IRR>
      <MUNG_AR_UNDER_CROP> 13470 </MUNG_AR_UNDER_CROP>
      <MUNG_AR_UNDER_IRR> 0 </MUNG_AR_UNDER_IRR>
      <UDID_AR_UNDER_CROP> 1482 </UDID_AR_UNDER_CROP>
      <UDID_AR_UNDER_IRR> 0 </UDID_AR_UNDER_IRR>
      <KULITH_AR_UNDER_CROP> 0 </KULITH_AR_UNDER_CROP>
      <KULITH_AR_UNDER_IRR> 0 </KULITH_AR_UNDER_IRR>
      <MATH_AR_UNDER_CROP> 4 </MATH_AR_UNDER_CROP>
      <MATH_AR_UNDR_IRR> 0 </MATH_AR_UNDR_IRR>
      <BEANS_AR_UNDR_CROP> 1 </BEANS_AR_UNDR_CROP>
      <BEANS_AR_UNDR_IRR> 0 </BEANS_AR_UNDR_IRR>
      <PEAS_AR_UNDR_CROP> 0 </PEAS_AR_UNDR_CROP>
      <PEAS_AR_UNDR_IRR> 0 </PEAS_AR_UNDR_IRR>
      <OTR_PULSES_AR_UNDR_CROP> 82 </OTR_PULSES_AR_UNDR_CROP>
      <OTR_PULSES_AR_UNDR_IRR> 0 </OTR_PULSES_AR_UNDR_IRR>
      <SUGARCANE_AR_UNDR_CROP> 32 </SUGARCANE_AR_UNDR_CROP>
      <SUGARCANE_AR_UNDR_IRR> 47 </SUGARCANE_AR_UNDR_IRR>
      <CHILLI_AR_UNDR_CROP> 64 </CHILLI_AR_UNDR_CROP>
      <CHILLI_AR_UNDR_IRR> 0 </CHILLI_AR_UNDR_IRR>
      <GARLIC_AR_UNDR_CROP> 1 </GARLIC_AR_UNDR_CROP>
      <GARLIC_AR_UNDR_IRR> 0 </GARLIC_AR_UNDR_IRR>
      <OTR_SPICES_AR_UNDR_CROP> 3 </OTR_SPICES_AR_UNDR_CROP>
      <OTR_SPICES_AR_UNDR_IRR> 99 </OTR_SPICES_AR_UNDR_IRR>
      <MANGO_AR_UNDR_CROP> 232 </MANGO_AR_UNDR_CROP>
      <MANGO_AR_UNDR_IRR> 0 </MANGO_AR_UNDR_IRR>
      <GRAPES_AR_UNDR_CROP> 9 </GRAPES_AR_UNDR_CROP>
      <GRAPES_AR_UNDR_IRR> 0 </GRAPES_AR_UNDR_IRR>
      <CITRUS_FRUITS_AR_UNDR_CROP> 632 </CITRUS_FRUITS_AR_UNDR_CROP>
      <CITRUS_FRUITS_AR_UNDR_IRR> 0 </CITRUS_FRUITS_AR_UNDR_IRR>
      <BANANA_AR_UNDR_CROP> 17 </BANANA_AR_UNDR_CROP>
      <BANANA_AR_UNDR_IRR> 0 </BANANA_AR_UNDR_IRR>
      <OTR_FRUITS_AR_UNDR_CROP> 75 </OTR_FRUITS_AR_UNDR_CROP>
      <OTR_FRUITS_AR_UNDR_IRR> 531 </OTR_FRUITS_AR_UNDR_IRR>
      <POTATOS_AR_UNDR_CROP> 4 </POTATOS_AR_UNDR_CROP>
      <POTATOS_AR_UNDR_IRR> 0 </POTATOS_AR_UNDR_IRR>
      <ONIONS_AR_UNDR_CROP> 37 </ONIONS_AR_UNDR_CROP>
      <ONIONS_AR_UNDR_IRR> 0 </ONIONS_AR_UNDR_IRR>
      <BRINJALS_AR_UNDR_CROP> 46 </BRINJALS_AR_UNDR_CROP>
      <BRINJALS_AR_UNDR_IRR> 0 </BRINJALS_AR_UNDR_IRR>
      <TOMATOS_AR_UNDR_CROP> 39 </TOMATOS_AR_UNDR_CROP>
      <TOMATOS_AR_UNDR_IRR> 0 </TOMATOS_AR_UNDR_IRR>
      <OTR_VEG_UNDR_CROP> 103 </OTR_VEG_UNDR_CROP>
      <OTR_VEG_AR_UNDR_IRR> 380 </OTR_VEG_AR_UNDR_IRR>
      <COTTON_AR_UNDR_CROP> 30565 </COTTON_AR_UNDR_CROP>
      <COTTON_AR_UNDR_IRR> 0 </COTTON_AR_UNDR_IRR>
      <OTR_FIBERCROP_AR_UNDR_CROP> 8 </OTR_FIBERCROP_AR_UNDR_CROP>
      <OTR_FIBERCROP_AR_UNDR_IRR> 0 </OTR_FIBERCROP_AR_UNDR_IRR>
      <GROUNDNUTS_AR_UNDR_CROP> 95 </GROUNDNUTS_AR_UNDR_CROP>
      <GROUNDNUTS_AR_UNDR_IRR> 0 </GROUNDNUTS_AR_UNDR_IRR>
      <SUNFLOWER_AR_UNDR_CROP> 212 </SUNFLOWER_AR_UNDR_CROP>
      <SUNFLOWER_AR_UNDR_IRR> 15 </SUNFLOWER_AR_UNDR_IRR>
      <SAFFLOWER_AR_UNDR_CROP> 138 </SAFFLOWER_AR_UNDR_CROP>
      <SAFFLOWER_AR_UNDR_IRR> 0 </SAFFLOWER_AR_UNDR_IRR>
      <SOYABEAN_AR_UNDR_CROP> 2751 </SOYABEAN_AR_UNDR_CROP>
      <SOYABEAN_AR_UNDR_IRR> 0 </SOYABEAN_AR_UNDR_IRR>
      <OTR_OILSEEDS_AR_UNDR_CROP> 227 </OTR_OILSEEDS_AR_UNDR_CROP>
      <OTR_OILSEEDS_AR_UNDR_IRR> 0 </OTR_OILSEEDS_AR_UNDR_IRR>
      <OTRMEDI_MADAK_AR_CROP> 15 </OTRMEDI_MADAK_AR_CROP>
      <OTHERMEDI_MADAK_AR_IRR> 0 </OTHERMEDI_MADAK_AR_IRR>
      <TOT_CHARAPIKE_AR_UNDR_CROP> 7 </TOT_CHARAPIKE_AR_UNDR_CROP>
      <TOT_CHARAPIKE_AR_UNDR_IRR> 3 </TOT_CHARAPIKE_AR_UNDR_IRR>
      <MIS_AKHADY_GRAIN_AR_CROP> 9 </MIS_AKHADY_GRAIN_AR_CROP>
      <MIS_AKHADY_GRAIN_AR_IRR> 0 </MIS_AKHADY_GRAIN_AR_IRR>
      <TOT_LAGAVADIKHALIL_AR_CROP> 70465 </TOT_LAGAVADIKHALIL_AR_CROP>
      <TOT_LAGAVADIKHALIL_AR_IRR> 1325 </TOT_LAGAVADIKHALIL_AR_IRR>
   </IRRIGATION_AREA>
   <IRRIGATION_AREA>
      <REFERENCE_YEAR> 2002-03 </REFERENCE_YEAR>
      <DISTRICT_NAME> Akola </DISTRICT_NAME>
      <DISTRICT_CODE> 501 </DISTRICT_CODE>
      <TALUKA_NAME> Murtijapur </TALUKA_NAME>
      <TALUKA_CODE> 3992 </TALUKA_CODE>
      <RICE_AR_UNDER_CROP> 0 </RICE_AR_UNDER_CROP>
      <RICE_AR_UNDER_IRR> 0 </RICE_AR_UNDER_IRR>
      <WHEAT_AR_UNDER_CROP> 7666 </WHEAT_AR_UNDER_CROP>
      <WHEAT_AR_UNDER_IRR> 1692 </WHEAT_AR_UNDER_IRR>
      <KHARIP_JOWAR_AR_UNDER_CROP> 12029 </KHARIP_JOWAR_AR_UNDER_CROP>
      <KHARIP_JOWAR_AR_UNDER_IRR> 2305 </KHARIP_JOWAR_AR_UNDER_IRR>
      <RABBI_JOWAR_AR_UNDER_CROP> 0 </RABBI_JOWAR_AR_UNDER_CROP>
      <RABBI_JOWAR_AR_UNDER_IRR> 0 </RABBI_JOWAR_AR_UNDER_IRR>
      <BAJRA_AR_UNDER_CROP> 14 </BAJRA_AR_UNDER_CROP>
      <BAJRA_AR_UNDER_IRR> 10 </BAJRA_AR_UNDER_IRR>
      <MAIZE_AR_UNDER_CROP> 90 </MAIZE_AR_UNDER_CROP>
      <MAIZE_AR_UNDER_IRR> 10 </MAIZE_AR_UNDER_IRR>
      <WARI_AR_UNDER_CROP> 0 </WARI_AR_UNDER_CROP>
      <WARI_AR_UNDER_IRR> 0 </WARI_AR_UNDER_IRR>
      <RAGI_AR_UNDER_CROP> 0 </RAGI_AR_UNDER_CROP>
      <RAGI_AR_UNDER_IRR> 0 </RAGI_AR_UNDER_IRR>
      <RALA_AR_UNDER_CROP> 0 </RALA_AR_UNDER_CROP>
      <RALA_AR_UNDER_IRR> 0 </RALA_AR_UNDER_IRR>
      <SAWA_AR_UNDER_CROP> 0 </SAWA_AR_UNDER_CROP>
      <SAWA_AR_UNDER_IRR> 0 </SAWA_AR_UNDER_IRR>
      <BHADALI_AR_UNDER_CROP> 0 </BHADALI_AR_UNDER_CROP>
      <BHADALI_AR_UNDER_IRR> 0 </BHADALI_AR_UNDER_IRR>
      <OTHR_CEREALS_AR_UNDR_CROP> 0 </OTHR_CEREALS_AR_UNDR_CROP>
      <OTR_CEREALS_AR_UNDER_IRR> 0 </OTR_CEREALS_AR_UNDER_IRR>
      <GRAM_AR_UNDER_CROP> 9675 </GRAM_AR_UNDER_CROP>
      <GRAM_AR_UNDER_IRR> 0 </GRAM_AR_UNDER_IRR>
      <TUR_AR_UNDER_CROP> 4600 </TUR_AR_UNDER_CROP>
      <TUR_AR_UNDER_IRR> 0 </TUR_AR_UNDER_IRR>
      <MUNG_AR_UNDER_CROP> 9711 </MUNG_AR_UNDER_CROP>
      <MUNG_AR_UNDER_IRR> 0 </MUNG_AR_UNDER_IRR>
      <UDID_AR_UNDER_CROP> 161 </UDID_AR_UNDER_CROP>
      <UDID_AR_UNDER_IRR> 0 </UDID_AR_UNDER_IRR>
      <KULITH_AR_UNDER_CROP> 0 </KULITH_AR_UNDER_CROP>
      <KULITH_AR_UNDER_IRR> 0 </KULITH_AR_UNDER_IRR>
      <MATH_AR_UNDER_CROP> 6 </MATH_AR_UNDER_CROP>
      <MATH_AR_UNDR_IRR> 0 </MATH_AR_UNDR_IRR>
      <BEANS_AR_UNDR_CROP> 0 </BEANS_AR_UNDR_CROP>
      <BEANS_AR_UNDR_IRR> 0 </BEANS_AR_UNDR_IRR>
      <PEAS_AR_UNDR_CROP> 3 </PEAS_AR_UNDR_CROP>
      <PEAS_AR_UNDR_IRR> 0 </PEAS_AR_UNDR_IRR>
      <OTR_PULSES_AR_UNDR_CROP> 0 </OTR_PULSES_AR_UNDR_CROP>
      <OTR_PULSES_AR_UNDR_IRR> 0 </OTR_PULSES_AR_UNDR_IRR>
      <SUGARCANE_AR_UNDR_CROP> 13 </SUGARCANE_AR_UNDR_CROP>
      <SUGARCANE_AR_UNDR_IRR> 0 </SUGARCANE_AR_UNDR_IRR>
      <CHILLI_AR_UNDR_CROP> 0 </CHILLI_AR_UNDR_CROP>
      <CHILLI_AR_UNDR_IRR> 0 </CHILLI_AR_UNDR_IRR>
      <GARLIC_AR_UNDR_CROP> 0 </GARLIC_AR_UNDR_CROP>
      <GARLIC_AR_UNDR_IRR> 0 </GARLIC_AR_UNDR_IRR>
      <OTR_SPICES_AR_UNDR_CROP> 17 </OTR_SPICES_AR_UNDR_CROP>
      <OTR_SPICES_AR_UNDR_IRR> 18 </OTR_SPICES_AR_UNDR_IRR>
      <MANGO_AR_UNDR_CROP> 3 </MANGO_AR_UNDR_CROP>
      <MANGO_AR_UNDR_IRR> 0 </MANGO_AR_UNDR_IRR>
      <GRAPES_AR_UNDR_CROP> 0 </GRAPES_AR_UNDR_CROP>
      <GRAPES_AR_UNDR_IRR> 0 </GRAPES_AR_UNDR_IRR>
      <CITRUS_FRUITS_AR_UNDR_CROP> 0 </CITRUS_FRUITS_AR_UNDR_CROP>
      <CITRUS_FRUITS_AR_UNDR_IRR> 0 </CITRUS_FRUITS_AR_UNDR_IRR>
      <BANANA_AR_UNDR_CROP> 0 </BANANA_AR_UNDR_CROP>
      <BANANA_AR_UNDR_IRR> 0 </BANANA_AR_UNDR_IRR>
      <OTR_FRUITS_AR_UNDR_CROP> 187 </OTR_FRUITS_AR_UNDR_CROP>
      <OTR_FRUITS_AR_UNDR_IRR> 144 </OTR_FRUITS_AR_UNDR_IRR>
      <POTATOS_AR_UNDR_CROP> 0 </POTATOS_AR_UNDR_CROP>
      <POTATOS_AR_UNDR_IRR> 0 </POTATOS_AR_UNDR_IRR>
      <ONIONS_AR_UNDR_CROP> 41 </ONIONS_AR_UNDR_CROP>
      <ONIONS_AR_UNDR_IRR> 0 </ONIONS_AR_UNDR_IRR>
      <BRINJALS_AR_UNDR_CROP> 0 </BRINJALS_AR_UNDR_CROP>
      <BRINJALS_AR_UNDR_IRR> 0 </BRINJALS_AR_UNDR_IRR>
      <TOMATOS_AR_UNDR_CROP> 7 </TOMATOS_AR_UNDR_CROP>
      <TOMATOS_AR_UNDR_IRR> 0 </TOMATOS_AR_UNDR_IRR>
      <OTR_VEG_UNDR_CROP> 88 </OTR_VEG_UNDR_CROP>
      <OTR_VEG_AR_UNDR_IRR> 16 </OTR_VEG_AR_UNDR_IRR>
      <COTTON_AR_UNDR_CROP> 23891 </COTTON_AR_UNDR_CROP>
      <COTTON_AR_UNDR_IRR> 0 </COTTON_AR_UNDR_IRR>
      <OTR_FIBERCROP_AR_UNDR_CROP> 0 </OTR_FIBERCROP_AR_UNDR_CROP>
      <OTR_FIBERCROP_AR_UNDR_IRR> 0 </OTR_FIBERCROP_AR_UNDR_IRR>
      <GROUNDNUTS_AR_UNDR_CROP> 92 </GROUNDNUTS_AR_UNDR_CROP>
      <GROUNDNUTS_AR_UNDR_IRR> 83 </GROUNDNUTS_AR_UNDR_IRR>
      <SUNFLOWER_AR_UNDR_CROP> 243 </SUNFLOWER_AR_UNDR_CROP>
      <SUNFLOWER_AR_UNDR_IRR> 127 </SUNFLOWER_AR_UNDR_IRR>
      <SAFFLOWER_AR_UNDR_CROP> 0 </SAFFLOWER_AR_UNDR_CROP>
      <SAFFLOWER_AR_UNDR_IRR> 25 </SAFFLOWER_AR_UNDR_IRR>
      <SOYABEAN_AR_UNDR_CROP> 0 </SOYABEAN_AR_UNDR_CROP>
      <SOYABEAN_AR_UNDR_IRR> 0 </SOYABEAN_AR_UNDR_IRR>
      <OTR_OILSEEDS_AR_UNDR_CROP> 5287 </OTR_OILSEEDS_AR_UNDR_CROP>
      <OTR_OILSEEDS_AR_UNDR_IRR> 0 </OTR_OILSEEDS_AR_UNDR_IRR>
      <OTRMEDI_MADAK_AR_CROP> 0 </OTRMEDI_MADAK_AR_CROP>
      <OTHERMEDI_MADAK_AR_IRR> 0 </OTHERMEDI_MADAK_AR_IRR>
      <TOT_CHARAPIKE_AR_UNDR_CROP> 24 </TOT_CHARAPIKE_AR_UNDR_CROP>
      <TOT_CHARAPIKE_AR_UNDR_IRR> 22 </TOT_CHARAPIKE_AR_UNDR_IRR>
      <MIS_AKHADY_GRAIN_AR_CROP> 75 </MIS_AKHADY_GRAIN_AR_CROP>
      <MIS_AKHADY_GRAIN_AR_IRR> 75 </MIS_AKHADY_GRAIN_AR_IRR>
      <TOT_LAGAVADIKHALIL_AR_CROP> 73857 </TOT_LAGAVADIKHALIL_AR_CROP>
      <TOT_LAGAVADIKHALIL_AR_IRR> 4527 </TOT_LAGAVADIKHALIL_AR_IRR>
   </IRRIGATION_AREA>
   <IRRIGATION_AREA>
      <REFERENCE_YEAR> 2002-03 </REFERENCE_YEAR>
      <DISTRICT_NAME> Akola </DISTRICT_NAME>
      <DISTRICT_CODE> 501 </DISTRICT_CODE>
      <TALUKA_NAME> Patur </TALUKA_NAME>
      <TALUKA_CODE> 3993 </TALUKA_CODE>
      <RICE_AR_UNDER_CROP> 0 </RICE_AR_UNDER_CROP>
      <RICE_AR_UNDER_IRR> 0 </RICE_AR_UNDER_IRR>
      <WHEAT_AR_UNDER_CROP> 1015 </WHEAT_AR_UNDER_CROP>
      <WHEAT_AR_UNDER_IRR> 1089 </WHEAT_AR_UNDER_IRR>
      <KHARIP_JOWAR_AR_UNDER_CROP> 10710 </KHARIP_JOWAR_AR_UNDER_CROP>
      <KHARIP_JOWAR_AR_UNDER_IRR> 0 </KHARIP_JOWAR_AR_UNDER_IRR>
      <RABBI_JOWAR_AR_UNDER_CROP> 1 </RABBI_JOWAR_AR_UNDER_CROP>
      <RABBI_JOWAR_AR_UNDER_IRR> 0 </RABBI_JOWAR_AR_UNDER_IRR>
      <BAJRA_AR_UNDER_CROP> 365 </BAJRA_AR_UNDER_CROP>
      <BAJRA_AR_UNDER_IRR> 0 </BAJRA_AR_UNDER_IRR>
      <MAIZE_AR_UNDER_CROP> 108 </MAIZE_AR_UNDER_CROP>
      <MAIZE_AR_UNDER_IRR> 0 </MAIZE_AR_UNDER_IRR>
      <WARI_AR_UNDER_CROP> 0 </WARI_AR_UNDER_CROP>
      <WARI_AR_UNDER_IRR> 0 </WARI_AR_UNDER_IRR>
      <RAGI_AR_UNDER_CROP> 0 </RAGI_AR_UNDER_CROP>
      <RAGI_AR_UNDER_IRR> 0 </RAGI_AR_UNDER_IRR>
      <RALA_AR_UNDER_CROP> 0 </RALA_AR_UNDER_CROP>
      <RALA_AR_UNDER_IRR> 0 </RALA_AR_UNDER_IRR>
      <SAWA_AR_UNDER_CROP> 0 </SAWA_AR_UNDER_CROP>
      <SAWA_AR_UNDER_IRR> 0 </SAWA_AR_UNDER_IRR>
      <BHADALI_AR_UNDER_CROP> 0 </BHADALI_AR_UNDER_CROP>
      <BHADALI_AR_UNDER_IRR> 0 </BHADALI_AR_UNDER_IRR>
      <OTHR_CEREALS_AR_UNDR_CROP> 12 </OTHR_CEREALS_AR_UNDR_CROP>
      <OTR_CEREALS_AR_UNDER_IRR> 0 </OTR_CEREALS_AR_UNDER_IRR>
      <GRAM_AR_UNDER_CROP> 1860 </GRAM_AR_UNDER_CROP>
      <GRAM_AR_UNDER_IRR> 5 </GRAM_AR_UNDER_IRR>
      <TUR_AR_UNDER_CROP> 5725 </TUR_AR_UNDER_CROP>
      <TUR_AR_UNDER_IRR> 0 </TUR_AR_UNDER_IRR>
      <MUNG_AR_UNDER_CROP> 7075 </MUNG_AR_UNDER_CROP>
      <MUNG_AR_UNDER_IRR> 0 </MUNG_AR_UNDER_IRR>
      <UDID_AR_UNDER_CROP> 2830 </UDID_AR_UNDER_CROP>
      <UDID_AR_UNDER_IRR> 0 </UDID_AR_UNDER_IRR>
      <KULITH_AR_UNDER_CROP> 0 </KULITH_AR_UNDER_CROP>
      <KULITH_AR_UNDER_IRR> 0 </KULITH_AR_UNDER_IRR>
      <MATH_AR_UNDER_CROP> 15 </MATH_AR_UNDER_CROP>
      <MATH_AR_UNDR_IRR> 0 </MATH_AR_UNDR_IRR>
      <BEANS_AR_UNDR_CROP> 0 </BEANS_AR_UNDR_CROP>
      <BEANS_AR_UNDR_IRR> 0 </BEANS_AR_UNDR_IRR>
      <PEAS_AR_UNDR_CROP> 0 </PEAS_AR_UNDR_CROP>
      <PEAS_AR_UNDR_IRR> 0 </PEAS_AR_UNDR_IRR>
      <OTR_PULSES_AR_UNDR_CROP> 65 </OTR_PULSES_AR_UNDR_CROP>
      <OTR_PULSES_AR_UNDR_IRR> 0 </OTR_PULSES_AR_UNDR_IRR>
      <SUGARCANE_AR_UNDR_CROP> 374 </SUGARCANE_AR_UNDR_CROP>
      <SUGARCANE_AR_UNDR_IRR> 167 </SUGARCANE_AR_UNDR_IRR>
      <CHILLI_AR_UNDR_CROP> 70 </CHILLI_AR_UNDR_CROP>
      <CHILLI_AR_UNDR_IRR> 0 </CHILLI_AR_UNDR_IRR>
      <GARLIC_AR_UNDR_CROP> 15 </GARLIC_AR_UNDR_CROP>
      <GARLIC_AR_UNDR_IRR> 0 </GARLIC_AR_UNDR_IRR>
      <OTR_SPICES_AR_UNDR_CROP> 48 </OTR_SPICES_AR_UNDR_CROP>
      <OTR_SPICES_AR_UNDR_IRR> 105 </OTR_SPICES_AR_UNDR_IRR>
      <MANGO_AR_UNDR_CROP> 258 </MANGO_AR_UNDR_CROP>
      <MANGO_AR_UNDR_IRR> 0 </MANGO_AR_UNDR_IRR>
      <GRAPES_AR_UNDR_CROP> 14 </GRAPES_AR_UNDR_CROP>
      <GRAPES_AR_UNDR_IRR> 0 </GRAPES_AR_UNDR_IRR>
      <CITRUS_FRUITS_AR_UNDR_CROP> 718 </CITRUS_FRUITS_AR_UNDR_CROP>
      <CITRUS_FRUITS_AR_UNDR_IRR> 0 </CITRUS_FRUITS_AR_UNDR_IRR>
      <BANANA_AR_UNDR_CROP> 156 </BANANA_AR_UNDR_CROP>
      <BANANA_AR_UNDR_IRR> 0 </BANANA_AR_UNDR_IRR>
      <OTR_FRUITS_AR_UNDR_CROP> 188 </OTR_FRUITS_AR_UNDR_CROP>
      <OTR_FRUITS_AR_UNDR_IRR> 611 </OTR_FRUITS_AR_UNDR_IRR>
      <POTATOS_AR_UNDR_CROP> 7 </POTATOS_AR_UNDR_CROP>
      <POTATOS_AR_UNDR_IRR> 0 </POTATOS_AR_UNDR_IRR>
      <ONIONS_AR_UNDR_CROP> 210 </ONIONS_AR_UNDR_CROP>
      <ONIONS_AR_UNDR_IRR> 0 </ONIONS_AR_UNDR_IRR>
      <BRINJALS_AR_UNDR_CROP> 89 </BRINJALS_AR_UNDR_CROP>
      <BRINJALS_AR_UNDR_IRR> 0 </BRINJALS_AR_UNDR_IRR>
      <TOMATOS_AR_UNDR_CROP> 100 </TOMATOS_AR_UNDR_CROP>
      <TOMATOS_AR_UNDR_IRR> 0 </TOMATOS_AR_UNDR_IRR>
      <OTR_VEG_UNDR_CROP> 297 </OTR_VEG_UNDR_CROP>
      <OTR_VEG_AR_UNDR_IRR> 918 </OTR_VEG_AR_UNDR_IRR>
      <COTTON_AR_UNDR_CROP> 17011 </COTTON_AR_UNDR_CROP>
      <COTTON_AR_UNDR_IRR> 0 </COTTON_AR_UNDR_IRR>
      <OTR_FIBERCROP_AR_UNDR_CROP> 28 </OTR_FIBERCROP_AR_UNDR_CROP>
      <OTR_FIBERCROP_AR_UNDR_IRR> 0 </OTR_FIBERCROP_AR_UNDR_IRR>
      <GROUNDNUTS_AR_UNDR_CROP> 128 </GROUNDNUTS_AR_UNDR_CROP>
      <GROUNDNUTS_AR_UNDR_IRR> 0 </GROUNDNUTS_AR_UNDR_IRR>
      <SUNFLOWER_AR_UNDR_CROP> 260 </SUNFLOWER_AR_UNDR_CROP>
      <SUNFLOWER_AR_UNDR_IRR> 79 </SUNFLOWER_AR_UNDR_IRR>
      <SAFFLOWER_AR_UNDR_CROP> 60 </SAFFLOWER_AR_UNDR_CROP>
      <SAFFLOWER_AR_UNDR_IRR> 0 </SAFFLOWER_AR_UNDR_IRR>
      <SOYABEAN_AR_UNDR_CROP> 4526 </SOYABEAN_AR_UNDR_CROP>
      <SOYABEAN_AR_UNDR_IRR> 0 </SOYABEAN_AR_UNDR_IRR>
      <OTR_OILSEEDS_AR_UNDR_CROP> 397 </OTR_OILSEEDS_AR_UNDR_CROP>
      <OTR_OILSEEDS_AR_UNDR_IRR> 0 </OTR_OILSEEDS_AR_UNDR_IRR>
      <OTRMEDI_MADAK_AR_CROP> 5 </OTRMEDI_MADAK_AR_CROP>
      <OTHERMEDI_MADAK_AR_IRR> 1 </OTHERMEDI_MADAK_AR_IRR>
      <TOT_CHARAPIKE_AR_UNDR_CROP> 12 </TOT_CHARAPIKE_AR_UNDR_CROP>
      <TOT_CHARAPIKE_AR_UNDR_IRR> 5 </TOT_CHARAPIKE_AR_UNDR_IRR>
      <MIS_AKHADY_GRAIN_AR_CROP> 33 </MIS_AKHADY_GRAIN_AR_CROP>
      <MIS_AKHADY_GRAIN_AR_IRR> 12 </MIS_AKHADY_GRAIN_AR_IRR>
      <TOT_LAGAVADIKHALIL_AR_CROP> 54306 </TOT_LAGAVADIKHALIL_AR_CROP>
      <TOT_LAGAVADIKHALIL_AR_IRR> 2992 </TOT_LAGAVADIKHALIL_AR_IRR>
   </IRRIGATION_AREA>
   <IRRIGATION_AREA>
      <REFERENCE_YEAR> 2007-08 </REFERENCE_YEAR>
      <DISTRICT_NAME> Akola </DISTRICT_NAME>
      <DISTRICT_CODE> 501 </DISTRICT_CODE>
      <TALUKA_NAME> Patur </TALUKA_NAME>
      <TALUKA_CODE> 3993 </TALUKA_CODE>
      <RICE_AR_UNDER_CROP> 0 </RICE_AR_UNDER_CROP>
      <RICE_AR_UNDER_IRR> 0 </RICE_AR_UNDER_IRR>
      <WHEAT_AR_UNDER_CROP> 3370 </WHEAT_AR_UNDER_CROP>
      <WHEAT_AR_UNDER_IRR> 3402 </WHEAT_AR_UNDER_IRR>
      <KHARIP_JOWAR_AR_UNDER_CROP> 9491 </KHARIP_JOWAR_AR_UNDER_CROP>
      <KHARIP_JOWAR_AR_UNDER_IRR> 0 </KHARIP_JOWAR_AR_UNDER_IRR>
      <RABBI_JOWAR_AR_UNDER_CROP> 0 </RABBI_JOWAR_AR_UNDER_CROP>
      <RABBI_JOWAR_AR_UNDER_IRR> 0 </RABBI_JOWAR_AR_UNDER_IRR>
      <BAJRA_AR_UNDER_CROP> 471 </BAJRA_AR_UNDER_CROP>
      <BAJRA_AR_UNDER_IRR> 0 </BAJRA_AR_UNDER_IRR>
      <MAIZE_AR_UNDER_CROP> 736 </MAIZE_AR_UNDER_CROP>
      <MAIZE_AR_UNDER_IRR> 10 </MAIZE_AR_UNDER_IRR>
      <WARI_AR_UNDER_CROP> 0 </WARI_AR_UNDER_CROP>
      <WARI_AR_UNDER_IRR> 0 </WARI_AR_UNDER_IRR>
      <RAGI_AR_UNDER_CROP> 0 </RAGI_AR_UNDER_CROP>
      <RAGI_AR_UNDER_IRR> 0 </RAGI_AR_UNDER_IRR>
      <RALA_AR_UNDER_CROP> 0 </RALA_AR_UNDER_CROP>
      <RALA_AR_UNDER_IRR> 0 </RALA_AR_UNDER_IRR>
      <SAWA_AR_UNDER_CROP> 0 </SAWA_AR_UNDER_CROP>
      <SAWA_AR_UNDER_IRR> 0 </SAWA_AR_UNDER_IRR>
      <BHADALI_AR_UNDER_CROP> 0 </BHADALI_AR_UNDER_CROP>
      <BHADALI_AR_UNDER_IRR> 0 </BHADALI_AR_UNDER_IRR>
      <OTHR_CEREALS_AR_UNDR_CROP> 0 </OTHR_CEREALS_AR_UNDR_CROP>
      <OTR_CEREALS_AR_UNDER_IRR> 950 </OTR_CEREALS_AR_UNDER_IRR>
      <GRAM_AR_UNDER_CROP> 2217 </GRAM_AR_UNDER_CROP>
      <GRAM_AR_UNDER_IRR> 2226 </GRAM_AR_UNDER_IRR>
      <TUR_AR_UNDER_CROP> 4499 </TUR_AR_UNDER_CROP>
      <TUR_AR_UNDER_IRR> 0 </TUR_AR_UNDER_IRR>
      <MUNG_AR_UNDER_CROP> 4182 </MUNG_AR_UNDER_CROP>
      <MUNG_AR_UNDER_IRR> 0 </MUNG_AR_UNDER_IRR>
      <UDID_AR_UNDER_CROP> 3030 </UDID_AR_UNDER_CROP>
      <UDID_AR_UNDER_IRR> 0 </UDID_AR_UNDER_IRR>
      <KULITH_AR_UNDER_CROP> 0 </KULITH_AR_UNDER_CROP>
      <KULITH_AR_UNDER_IRR> 0 </KULITH_AR_UNDER_IRR>
      <MATH_AR_UNDER_CROP> 0 </MATH_AR_UNDER_CROP>
      <MATH_AR_UNDR_IRR> 0 </MATH_AR_UNDR_IRR>
      <BEANS_AR_UNDR_CROP> 0 </BEANS_AR_UNDR_CROP>
      <BEANS_AR_UNDR_IRR> 0 </BEANS_AR_UNDR_IRR>
      <PEAS_AR_UNDR_CROP> 0 </PEAS_AR_UNDR_CROP>
      <PEAS_AR_UNDR_IRR> 0 </PEAS_AR_UNDR_IRR>
      <OTR_PULSES_AR_UNDR_CROP> 0 </OTR_PULSES_AR_UNDR_CROP>
      <OTR_PULSES_AR_UNDR_IRR> 0 </OTR_PULSES_AR_UNDR_IRR>
      <SUGARCANE_AR_UNDR_CROP> 59 </SUGARCANE_AR_UNDR_CROP>
      <SUGARCANE_AR_UNDR_IRR> 59 </SUGARCANE_AR_UNDR_IRR>
      <CHILLI_AR_UNDR_CROP> 4 </CHILLI_AR_UNDR_CROP>
      <CHILLI_AR_UNDR_IRR> 0 </CHILLI_AR_UNDR_IRR>
      <GARLIC_AR_UNDR_CROP> 0 </GARLIC_AR_UNDR_CROP>
      <GARLIC_AR_UNDR_IRR> 0 </GARLIC_AR_UNDR_IRR>
      <OTR_SPICES_AR_UNDR_CROP> 0 </OTR_SPICES_AR_UNDR_CROP>
      <OTR_SPICES_AR_UNDR_IRR> 0 </OTR_SPICES_AR_UNDR_IRR>
      <MANGO_AR_UNDR_CROP> 0 </MANGO_AR_UNDR_CROP>
      <MANGO_AR_UNDR_IRR> 0 </MANGO_AR_UNDR_IRR>
      <GRAPES_AR_UNDR_CROP> 0 </GRAPES_AR_UNDR_CROP>
      <GRAPES_AR_UNDR_IRR> 0 </GRAPES_AR_UNDR_IRR>
      <CITRUS_FRUITS_AR_UNDR_CROP> 600 </CITRUS_FRUITS_AR_UNDR_CROP>
      <CITRUS_FRUITS_AR_UNDR_IRR> 600 </CITRUS_FRUITS_AR_UNDR_IRR>
      <BANANA_AR_UNDR_CROP> 88 </BANANA_AR_UNDR_CROP>
      <BANANA_AR_UNDR_IRR> 88 </BANANA_AR_UNDR_IRR>
      <OTR_FRUITS_AR_UNDR_CROP> 12 </OTR_FRUITS_AR_UNDR_CROP>
      <OTR_FRUITS_AR_UNDR_IRR> 12 </OTR_FRUITS_AR_UNDR_IRR>
      <POTATOS_AR_UNDR_CROP> 0 </POTATOS_AR_UNDR_CROP>
      <POTATOS_AR_UNDR_IRR> 0 </POTATOS_AR_UNDR_IRR>
      <ONIONS_AR_UNDR_CROP> 933 </ONIONS_AR_UNDR_CROP>
      <ONIONS_AR_UNDR_IRR> 933 </ONIONS_AR_UNDR_IRR>
      <BRINJALS_AR_UNDR_CROP> 126 </BRINJALS_AR_UNDR_CROP>
      <BRINJALS_AR_UNDR_IRR> 0 </BRINJALS_AR_UNDR_IRR>
      <TOMATOS_AR_UNDR_CROP> 10 </TOMATOS_AR_UNDR_CROP>
      <TOMATOS_AR_UNDR_IRR> 0 </TOMATOS_AR_UNDR_IRR>
      <OTR_VEG_UNDR_CROP> 267 </OTR_VEG_UNDR_CROP>
      <OTR_VEG_AR_UNDR_IRR> 115 </OTR_VEG_AR_UNDR_IRR>
      <COTTON_AR_UNDR_CROP> 12871 </COTTON_AR_UNDR_CROP>
      <COTTON_AR_UNDR_IRR> 0 </COTTON_AR_UNDR_IRR>
      <OTR_FIBERCROP_AR_UNDR_CROP> 0 </OTR_FIBERCROP_AR_UNDR_CROP>
      <OTR_FIBERCROP_AR_UNDR_IRR> 0 </OTR_FIBERCROP_AR_UNDR_IRR>
      <GROUNDNUTS_AR_UNDR_CROP> 691 </GROUNDNUTS_AR_UNDR_CROP>
      <GROUNDNUTS_AR_UNDR_IRR> 120 </GROUNDNUTS_AR_UNDR_IRR>
      <SUNFLOWER_AR_UNDR_CROP> 362 </SUNFLOWER_AR_UNDR_CROP>
      <SUNFLOWER_AR_UNDR_IRR> 256 </SUNFLOWER_AR_UNDR_IRR>
      <SAFFLOWER_AR_UNDR_CROP> 0 </SAFFLOWER_AR_UNDR_CROP>
      <SAFFLOWER_AR_UNDR_IRR> 0 </SAFFLOWER_AR_UNDR_IRR>
      <SOYABEAN_AR_UNDR_CROP> 19545 </SOYABEAN_AR_UNDR_CROP>
      <SOYABEAN_AR_UNDR_IRR> 286 </SOYABEAN_AR_UNDR_IRR>
      <OTR_OILSEEDS_AR_UNDR_CROP> 571 </OTR_OILSEEDS_AR_UNDR_CROP>
      <OTR_OILSEEDS_AR_UNDR_IRR> 0 </OTR_OILSEEDS_AR_UNDR_IRR>
      <OTRMEDI_MADAK_AR_CROP> 0 </OTRMEDI_MADAK_AR_CROP>
      <OTHERMEDI_MADAK_AR_IRR> 0 </OTHERMEDI_MADAK_AR_IRR>
      <TOT_CHARAPIKE_AR_UNDR_CROP> 0 </TOT_CHARAPIKE_AR_UNDR_CROP>
      <TOT_CHARAPIKE_AR_UNDR_IRR> 0 </TOT_CHARAPIKE_AR_UNDR_IRR>
      <MIS_AKHADY_GRAIN_AR_CROP> 264 </MIS_AKHADY_GRAIN_AR_CROP>
      <MIS_AKHADY_GRAIN_AR_IRR> 264 </MIS_AKHADY_GRAIN_AR_IRR>
      <TOT_LAGAVADIKHALIL_AR_CROP> 58465 </TOT_LAGAVADIKHALIL_AR_CROP>
      <TOT_LAGAVADIKHALIL_AR_IRR> 9321 </TOT_LAGAVADIKHALIL_AR_IRR>
   </IRRIGATION_AREA>
   <IRRIGATION_AREA>
      <REFERENCE_YEAR> 2002-03 </REFERENCE_YEAR>
      <DISTRICT_NAME> Akola </DISTRICT_NAME>
      <DISTRICT_CODE> 501 </DISTRICT_CODE>
      <TALUKA_NAME> Barshitakli </TALUKA_NAME>
      <TALUKA_CODE> 3994 </TALUKA_CODE>
      <RICE_AR_UNDER_CROP> 0 </RICE_AR_UNDER_CROP>
      <RICE_AR_UNDER_IRR> 0 </RICE_AR_UNDER_IRR>
      <WHEAT_AR_UNDER_CROP> 1486 </WHEAT_AR_UNDER_CROP>
      <WHEAT_AR_UNDER_IRR> 2044 </WHEAT_AR_UNDER_IRR>
      <KHARIP_JOWAR_AR_UNDER_CROP> 9413 </KHARIP_JOWAR_AR_UNDER_CROP>
      <KHARIP_JOWAR_AR_UNDER_IRR> 0 </KHARIP_JOWAR_AR_UNDER_IRR>
      <RABBI_JOWAR_AR_UNDER_CROP> 11 </RABBI_JOWAR_AR_UNDER_CROP>
      <RABBI_JOWAR_AR_UNDER_IRR> 0 </RABBI_JOWAR_AR_UNDER_IRR>
      <BAJRA_AR_UNDER_CROP> 283 </BAJRA_AR_UNDER_CROP>
      <BAJRA_AR_UNDER_IRR> 0 </BAJRA_AR_UNDER_IRR>
      <MAIZE_AR_UNDER_CROP> 33 </MAIZE_AR_UNDER_CROP>
      <MAIZE_AR_UNDER_IRR> 0 </MAIZE_AR_UNDER_IRR>
      <WARI_AR_UNDER_CROP> 0 </WARI_AR_UNDER_CROP>
      <WARI_AR_UNDER_IRR> 0 </WARI_AR_UNDER_IRR>
      <RAGI_AR_UNDER_CROP> 0 </RAGI_AR_UNDER_CROP>
      <RAGI_AR_UNDER_IRR> 0 </RAGI_AR_UNDER_IRR>
      <RALA_AR_UNDER_CROP> 0 </RALA_AR_UNDER_CROP>
      <RALA_AR_UNDER_IRR> 0 </RALA_AR_UNDER_IRR>
      <SAWA_AR_UNDER_CROP> 0 </SAWA_AR_UNDER_CROP>
      <SAWA_AR_UNDER_IRR> 0 </SAWA_AR_UNDER_IRR>
      <BHADALI_AR_UNDER_CROP> 0 </BHADALI_AR_UNDER_CROP>
      <BHADALI_AR_UNDER_IRR> 0 </BHADALI_AR_UNDER_IRR>
      <OTHR_CEREALS_AR_UNDR_CROP> 6 </OTHR_CEREALS_AR_UNDR_CROP>
      <OTR_CEREALS_AR_UNDER_IRR> 0 </OTR_CEREALS_AR_UNDER_IRR>
      <GRAM_AR_UNDER_CROP> 2255 </GRAM_AR_UNDER_CROP>
      <GRAM_AR_UNDER_IRR> 12 </GRAM_AR_UNDER_IRR>
      <TUR_AR_UNDER_CROP> 4308 </TUR_AR_UNDER_CROP>
      <TUR_AR_UNDER_IRR> 0 </TUR_AR_UNDER_IRR>
      <MUNG_AR_UNDER_CROP> 9187 </MUNG_AR_UNDER_CROP>
      <MUNG_AR_UNDER_IRR> 0 </MUNG_AR_UNDER_IRR>
      <UDID_AR_UNDER_CROP> 2364 </UDID_AR_UNDER_CROP>
      <UDID_AR_UNDER_IRR> 0 </UDID_AR_UNDER_IRR>
      <KULITH_AR_UNDER_CROP> 0 </KULITH_AR_UNDER_CROP>
      <KULITH_AR_UNDER_IRR> 0 </KULITH_AR_UNDER_IRR>
      <MATH_AR_UNDER_CROP> 22 </MATH_AR_UNDER_CROP>
      <MATH_AR_UNDR_IRR> 0 </MATH_AR_UNDR_IRR>
      <BEANS_AR_UNDR_CROP> 2 </BEANS_AR_UNDR_CROP>
      <BEANS_AR_UNDR_IRR> 0 </BEANS_AR_UNDR_IRR>
      <PEAS_AR_UNDR_CROP> 0 </PEAS_AR_UNDR_CROP>
      <PEAS_AR_UNDR_IRR> 0 </PEAS_AR_UNDR_IRR>
      <OTR_PULSES_AR_UNDR_CROP> 42 </OTR_PULSES_AR_UNDR_CROP>
      <OTR_PULSES_AR_UNDR_IRR> 0 </OTR_PULSES_AR_UNDR_IRR>
      <SUGARCANE_AR_UNDR_CROP> 256 </SUGARCANE_AR_UNDR_CROP>
      <SUGARCANE_AR_UNDR_IRR> 261 </SUGARCANE_AR_UNDR_IRR>
      <CHILLI_AR_UNDR_CROP> 114 </CHILLI_AR_UNDR_CROP>
      <CHILLI_AR_UNDR_IRR> 0 </CHILLI_AR_UNDR_IRR>
      <GARLIC_AR_UNDR_CROP> 3 </GARLIC_AR_UNDR_CROP>
      <GARLIC_AR_UNDR_IRR> 0 </GARLIC_AR_UNDR_IRR>
      <OTR_SPICES_AR_UNDR_CROP> 17 </OTR_SPICES_AR_UNDR_CROP>
      <OTR_SPICES_AR_UNDR_IRR> 125 </OTR_SPICES_AR_UNDR_IRR>
      <MANGO_AR_UNDR_CROP> 126 </MANGO_AR_UNDR_CROP>
      <MANGO_AR_UNDR_IRR> 0 </MANGO_AR_UNDR_IRR>
      <GRAPES_AR_UNDR_CROP> 2 </GRAPES_AR_UNDR_CROP>
      <GRAPES_AR_UNDR_IRR> 0 </GRAPES_AR_UNDR_IRR>
      <CITRUS_FRUITS_AR_UNDR_CROP> 891 </CITRUS_FRUITS_AR_UNDR_CROP>
      <CITRUS_FRUITS_AR_UNDR_IRR> 0 </CITRUS_FRUITS_AR_UNDR_IRR>
      <BANANA_AR_UNDR_CROP> 123 </BANANA_AR_UNDR_CROP>
      <BANANA_AR_UNDR_IRR> 0 </BANANA_AR_UNDR_IRR>
      <OTR_FRUITS_AR_UNDR_CROP> 137 </OTR_FRUITS_AR_UNDR_CROP>
      <OTR_FRUITS_AR_UNDR_IRR> 724 </OTR_FRUITS_AR_UNDR_IRR>
      <POTATOS_AR_UNDR_CROP> 8 </POTATOS_AR_UNDR_CROP>
      <POTATOS_AR_UNDR_IRR> 0 </POTATOS_AR_UNDR_IRR>
      <ONIONS_AR_UNDR_CROP> 458 </ONIONS_AR_UNDR_CROP>
      <ONIONS_AR_UNDR_IRR> 0 </ONIONS_AR_UNDR_IRR>
      <BRINJALS_AR_UNDR_CROP> 92 </BRINJALS_AR_UNDR_CROP>
      <BRINJALS_AR_UNDR_IRR> 0 </BRINJALS_AR_UNDR_IRR>
      <TOMATOS_AR_UNDR_CROP> 74 </TOMATOS_AR_UNDR_CROP>
      <TOMATOS_AR_UNDR_IRR> 0 </TOMATOS_AR_UNDR_IRR>
      <OTR_VEG_UNDR_CROP> 133 </OTR_VEG_UNDR_CROP>
      <OTR_VEG_AR_UNDR_IRR> 410 </OTR_VEG_AR_UNDR_IRR>
      <COTTON_AR_UNDR_CROP> 29608 </COTTON_AR_UNDR_CROP>
      <COTTON_AR_UNDR_IRR> 0 </COTTON_AR_UNDR_IRR>
      <OTR_FIBERCROP_AR_UNDR_CROP> 16 </OTR_FIBERCROP_AR_UNDR_CROP>
      <OTR_FIBERCROP_AR_UNDR_IRR> 0 </OTR_FIBERCROP_AR_UNDR_IRR>
      <GROUNDNUTS_AR_UNDR_CROP> 72 </GROUNDNUTS_AR_UNDR_CROP>
      <GROUNDNUTS_AR_UNDR_IRR> 0 </GROUNDNUTS_AR_UNDR_IRR>
      <SUNFLOWER_AR_UNDR_CROP> 500 </SUNFLOWER_AR_UNDR_CROP>
      <SUNFLOWER_AR_UNDR_IRR> 249 </SUNFLOWER_AR_UNDR_IRR>
      <SAFFLOWER_AR_UNDR_CROP> 464 </SAFFLOWER_AR_UNDR_CROP>
      <SAFFLOWER_AR_UNDR_IRR> 0 </SAFFLOWER_AR_UNDR_IRR>
      <SOYABEAN_AR_UNDR_CROP> 3884 </SOYABEAN_AR_UNDR_CROP>
      <SOYABEAN_AR_UNDR_IRR> 0 </SOYABEAN_AR_UNDR_IRR>
      <OTR_OILSEEDS_AR_UNDR_CROP> 104 </OTR_OILSEEDS_AR_UNDR_CROP>
      <OTR_OILSEEDS_AR_UNDR_IRR> 0 </OTR_OILSEEDS_AR_UNDR_IRR>
      <OTRMEDI_MADAK_AR_CROP> 4 </OTRMEDI_MADAK_AR_CROP>
      <OTHERMEDI_MADAK_AR_IRR> 40 </OTHERMEDI_MADAK_AR_IRR>
      <TOT_CHARAPIKE_AR_UNDR_CROP> 91 </TOT_CHARAPIKE_AR_UNDR_CROP>
      <TOT_CHARAPIKE_AR_UNDR_IRR> 12 </TOT_CHARAPIKE_AR_UNDR_IRR>
      <MIS_AKHADY_GRAIN_AR_CROP> 35 </MIS_AKHADY_GRAIN_AR_CROP>
      <MIS_AKHADY_GRAIN_AR_IRR> 8 </MIS_AKHADY_GRAIN_AR_IRR>
      <TOT_LAGAVADIKHALIL_AR_CROP> 72501 </TOT_LAGAVADIKHALIL_AR_CROP>
      <TOT_LAGAVADIKHALIL_AR_IRR> 3885 </TOT_LAGAVADIKHALIL_AR_IRR>
   </IRRIGATION_AREA>
   <IRRIGATION_AREA>
      <REFERENCE_YEAR> 2007-08 </REFERENCE_YEAR>
      <DISTRICT_NAME> Akola </DISTRICT_NAME>
      <DISTRICT_CODE> 501 </DISTRICT_CODE>
      <TALUKA_NAME> Barshitakli </TALUKA_NAME>
      <TALUKA_CODE> 3994 </TALUKA_CODE>
      <RICE_AR_UNDER_CROP> 0 </RICE_AR_UNDER_CROP>
      <RICE_AR_UNDER_IRR> 0 </RICE_AR_UNDER_IRR>
      <WHEAT_AR_UNDER_CROP> 1718 </WHEAT_AR_UNDER_CROP>
      <WHEAT_AR_UNDER_IRR> 1718 </WHEAT_AR_UNDER_IRR>
      <KHARIP_JOWAR_AR_UNDER_CROP> 9454 </KHARIP_JOWAR_AR_UNDER_CROP>
      <KHARIP_JOWAR_AR_UNDER_IRR> 0 </KHARIP_JOWAR_AR_UNDER_IRR>
      <RABBI_JOWAR_AR_UNDER_CROP> 0 </RABBI_JOWAR_AR_UNDER_CROP>
      <RABBI_JOWAR_AR_UNDER_IRR> 0 </RABBI_JOWAR_AR_UNDER_IRR>
      <BAJRA_AR_UNDER_CROP> 0 </BAJRA_AR_UNDER_CROP>
      <BAJRA_AR_UNDER_IRR> 0 </BAJRA_AR_UNDER_IRR>
      <MAIZE_AR_UNDER_CROP> 7 </MAIZE_AR_UNDER_CROP>
      <MAIZE_AR_UNDER_IRR> 0 </MAIZE_AR_UNDER_IRR>
      <WARI_AR_UNDER_CROP> 0 </WARI_AR_UNDER_CROP>
      <WARI_AR_UNDER_IRR> 0 </WARI_AR_UNDER_IRR>
      <RAGI_AR_UNDER_CROP> 0 </RAGI_AR_UNDER_CROP>
      <RAGI_AR_UNDER_IRR> 0 </RAGI_AR_UNDER_IRR>
      <RALA_AR_UNDER_CROP> 0 </RALA_AR_UNDER_CROP>
      <RALA_AR_UNDER_IRR> 0 </RALA_AR_UNDER_IRR>
      <SAWA_AR_UNDER_CROP> 0 </SAWA_AR_UNDER_CROP>
      <SAWA_AR_UNDER_IRR> 0 </SAWA_AR_UNDER_IRR>
      <BHADALI_AR_UNDER_CROP> 0 </BHADALI_AR_UNDER_CROP>
      <BHADALI_AR_UNDER_IRR> 0 </BHADALI_AR_UNDER_IRR>
      <OTHR_CEREALS_AR_UNDR_CROP> 0 </OTHR_CEREALS_AR_UNDR_CROP>
      <OTR_CEREALS_AR_UNDER_IRR> 0 </OTR_CEREALS_AR_UNDER_IRR>
      <GRAM_AR_UNDER_CROP> 477 </GRAM_AR_UNDER_CROP>
      <GRAM_AR_UNDER_IRR> 0 </GRAM_AR_UNDER_IRR>
      <TUR_AR_UNDER_CROP> 2095 </TUR_AR_UNDER_CROP>
      <TUR_AR_UNDER_IRR> 0 </TUR_AR_UNDER_IRR>
      <MUNG_AR_UNDER_CROP> 2587 </MUNG_AR_UNDER_CROP>
      <MUNG_AR_UNDER_IRR> 0 </MUNG_AR_UNDER_IRR>
      <UDID_AR_UNDER_CROP> 1753 </UDID_AR_UNDER_CROP>
      <UDID_AR_UNDER_IRR> 0 </UDID_AR_UNDER_IRR>
      <KULITH_AR_UNDER_CROP> 0 </KULITH_AR_UNDER_CROP>
      <KULITH_AR_UNDER_IRR> 0 </KULITH_AR_UNDER_IRR>
      <MATH_AR_UNDER_CROP> 0 </MATH_AR_UNDER_CROP>
      <MATH_AR_UNDR_IRR> 0 </MATH_AR_UNDR_IRR>
      <BEANS_AR_UNDR_CROP> 0 </BEANS_AR_UNDR_CROP>
      <BEANS_AR_UNDR_IRR> 0 </BEANS_AR_UNDR_IRR>
      <PEAS_AR_UNDR_CROP> 0 </PEAS_AR_UNDR_CROP>
      <PEAS_AR_UNDR_IRR> 0 </PEAS_AR_UNDR_IRR>
      <OTR_PULSES_AR_UNDR_CROP> 13 </OTR_PULSES_AR_UNDR_CROP>
      <OTR_PULSES_AR_UNDR_IRR> 0 </OTR_PULSES_AR_UNDR_IRR>
      <SUGARCANE_AR_UNDR_CROP> 30 </SUGARCANE_AR_UNDR_CROP>
      <SUGARCANE_AR_UNDR_IRR> 30 </SUGARCANE_AR_UNDR_IRR>
      <CHILLI_AR_UNDR_CROP> 35 </CHILLI_AR_UNDR_CROP>
      <CHILLI_AR_UNDR_IRR> 35 </CHILLI_AR_UNDR_IRR>
      <GARLIC_AR_UNDR_CROP> 0 </GARLIC_AR_UNDR_CROP>
      <GARLIC_AR_UNDR_IRR> 0 </GARLIC_AR_UNDR_IRR>
      <OTR_SPICES_AR_UNDR_CROP> 0 </OTR_SPICES_AR_UNDR_CROP>
      <OTR_SPICES_AR_UNDR_IRR> 0 </OTR_SPICES_AR_UNDR_IRR>
      <MANGO_AR_UNDR_CROP> 0 </MANGO_AR_UNDR_CROP>
      <MANGO_AR_UNDR_IRR> 0 </MANGO_AR_UNDR_IRR>
      <GRAPES_AR_UNDR_CROP> 0 </GRAPES_AR_UNDR_CROP>
      <GRAPES_AR_UNDR_IRR> 0 </GRAPES_AR_UNDR_IRR>
      <CITRUS_FRUITS_AR_UNDR_CROP> 148 </CITRUS_FRUITS_AR_UNDR_CROP>
      <CITRUS_FRUITS_AR_UNDR_IRR> 148 </CITRUS_FRUITS_AR_UNDR_IRR>
      <BANANA_AR_UNDR_CROP> 18 </BANANA_AR_UNDR_CROP>
      <BANANA_AR_UNDR_IRR> 18 </BANANA_AR_UNDR_IRR>
      <OTR_FRUITS_AR_UNDR_CROP> 2 </OTR_FRUITS_AR_UNDR_CROP>
      <OTR_FRUITS_AR_UNDR_IRR> 2 </OTR_FRUITS_AR_UNDR_IRR>
      <POTATOS_AR_UNDR_CROP> 0 </POTATOS_AR_UNDR_CROP>
      <POTATOS_AR_UNDR_IRR> 0 </POTATOS_AR_UNDR_IRR>
      <ONIONS_AR_UNDR_CROP> 106 </ONIONS_AR_UNDR_CROP>
      <ONIONS_AR_UNDR_IRR> 106 </ONIONS_AR_UNDR_IRR>
      <BRINJALS_AR_UNDR_CROP> 100 </BRINJALS_AR_UNDR_CROP>
      <BRINJALS_AR_UNDR_IRR> 0 </BRINJALS_AR_UNDR_IRR>
      <TOMATOS_AR_UNDR_CROP> 30 </TOMATOS_AR_UNDR_CROP>
      <TOMATOS_AR_UNDR_IRR> 0 </TOMATOS_AR_UNDR_IRR>
      <OTR_VEG_UNDR_CROP> 63 </OTR_VEG_UNDR_CROP>
      <OTR_VEG_AR_UNDR_IRR> 373 </OTR_VEG_AR_UNDR_IRR>
      <COTTON_AR_UNDR_CROP> 20707 </COTTON_AR_UNDR_CROP>
      <COTTON_AR_UNDR_IRR> 0 </COTTON_AR_UNDR_IRR>
      <OTR_FIBERCROP_AR_UNDR_CROP> 0 </OTR_FIBERCROP_AR_UNDR_CROP>
      <OTR_FIBERCROP_AR_UNDR_IRR> 0 </OTR_FIBERCROP_AR_UNDR_IRR>
      <GROUNDNUTS_AR_UNDR_CROP> 73 </GROUNDNUTS_AR_UNDR_CROP>
      <GROUNDNUTS_AR_UNDR_IRR> 73 </GROUNDNUTS_AR_UNDR_IRR>
      <SUNFLOWER_AR_UNDR_CROP> 46 </SUNFLOWER_AR_UNDR_CROP>
      <SUNFLOWER_AR_UNDR_IRR> 0 </SUNFLOWER_AR_UNDR_IRR>
      <SAFFLOWER_AR_UNDR_CROP> 90 </SAFFLOWER_AR_UNDR_CROP>
      <SAFFLOWER_AR_UNDR_IRR> 0 </SAFFLOWER_AR_UNDR_IRR>
      <SOYABEAN_AR_UNDR_CROP> 17984 </SOYABEAN_AR_UNDR_CROP>
      <SOYABEAN_AR_UNDR_IRR> 0 </SOYABEAN_AR_UNDR_IRR>
      <OTR_OILSEEDS_AR_UNDR_CROP> 0 </OTR_OILSEEDS_AR_UNDR_CROP>
      <OTR_OILSEEDS_AR_UNDR_IRR> 0 </OTR_OILSEEDS_AR_UNDR_IRR>
      <OTRMEDI_MADAK_AR_CROP> 0 </OTRMEDI_MADAK_AR_CROP>
      <OTHERMEDI_MADAK_AR_IRR> 0 </OTHERMEDI_MADAK_AR_IRR>
      <TOT_CHARAPIKE_AR_UNDR_CROP> 0 </TOT_CHARAPIKE_AR_UNDR_CROP>
      <TOT_CHARAPIKE_AR_UNDR_IRR> 0 </TOT_CHARAPIKE_AR_UNDR_IRR>
      <MIS_AKHADY_GRAIN_AR_CROP> 0 </MIS_AKHADY_GRAIN_AR_CROP>
      <MIS_AKHADY_GRAIN_AR_IRR> 0 </MIS_AKHADY_GRAIN_AR_IRR>
      <TOT_LAGAVADIKHALIL_AR_CROP> 57716 </TOT_LAGAVADIKHALIL_AR_CROP>
      <TOT_LAGAVADIKHALIL_AR_IRR> 2503 </TOT_LAGAVADIKHALIL_AR_IRR>
   </IRRIGATION_AREA>
</TABLE>
