class,petal_length,petal_width,sepal_length,sepal_width
Iris-virginica,5.5,1.8,6.4,3.1
Iris-virginica,5.9,2.3,6.8,3.2
Iris-virginica,5.4,2.3,6.2,3.4
Iris-virginica,4.8,1.8,6,3
Iris-virginica,5.1,2.3,6.9,3.1
Iris-virginica,5.6,2.4,6.3,3.4
Iris-virginica,5.2,2.3,6.7,3
Iris-virginica,6.7,2,7.7,2.8
Iris-virginica,5.8,2.2,6.5,3
Iris-virginica,5.3,1.9,6.4,2.7
Iris-virginica,5,2,5.7,2.5
Iris-virginica,5.1,1.9,5.8,2.7
Iris-virginica,5.6,1.8,6.3,2.9
Iris-virginica,5,1.9,6.3,2.5
Iris-virginica,5.8,1.8,6.7,2.5
Iris-virginica,5.7,2.1,6.7,3.3
Iris-virginica,5.5,1.8,6.5,3
Iris-virginica,5.6,1.4,6.1,2.6
Iris-virginica,5,1.5,6,2.2
Iris-virginica,5.2,2,6.5,3
Iris-virginica,6.1,1.9,7.4,2.8
Iris-virginica,6.1,2.3,7.7,3
Iris-virginica,6.1,2.5,7.2,3.6
Iris-virginica,5.9,2.1,7.1,3
Iris-virginica,6,2.5,6.3,3.3
Iris-virginica,5.1,1.5,6.3,2.8
Iris-virginica,5.1,1.9,5.8,2.7
Iris-virginica,6,1.8,7.2,3.2
Iris-virginica,5.7,2.5,6.7,3.3
Iris-virginica,6.9,2.3,7.7,2.6
Iris-virginica,5.7,2.3,6.9,3.2
Iris-virginica,5.6,2.1,6.4,2.8
Iris-virginica,4.8,1.8,6.2,2.8
Iris-virginica,4.5,1.7,4.9,2.5
Iris-virginica,5.1,2,6.5,3.2
Iris-versicolor,4.8,1.8,5.9,3.2
Iris-versicolor,4.1,1.3,5.7,2.8
Iris-versicolor,4,1.3,6.1,2.8
Iris-versicolor,3.6,1.3,5.6,2.9
Iris-versicolor,3.9,1.1,5.6,2.5
Iris-versicolor,4.1,1,5.8,2.7
Iris-versicolor,4.9,1.5,6.3,2.5
Iris-versicolor,3.5,1,5,2
Iris-versicolor,4.4,1.4,6.6,3
Iris-versicolor,4.7,1.4,6.1,2.9
Iris-versicolor,4,1,6,2.2
Iris-versicolor,4.5,1.5,6.4,3.2
Iris-versicolor,4.4,1.2,5.5,2.6
Iris-versicolor,3.5,1,5.7,2.6
Iris-versicolor,4.7,1.6,6.3,3.3
Iris-versicolor,4.8,1.4,6.8,2.8
Iris-versicolor,4.5,1.5,6.2,2.2
Iris-versicolor,4.2,1.2,5.7,3
Iris-versicolor,3,1.1,5.1,2.5
Iris-versicolor,3.7,1,5.5,2.4
Iris-versicolor,4.4,1.4,6.7,3.1
Iris-versicolor,4.2,1.3,5.7,2.9
Iris-versicolor,4.2,1.3,5.6,2.7
Iris-versicolor,5,1.7,6.7,3
Iris-versicolor,3.8,1.1,5.5,2.4
Iris-versicolor,3.3,1,5,2.3
Iris-versicolor,4.1,1.3,5.6,3
Iris-versicolor,4.5,1.6,6,3.4
Iris-versicolor,4.5,1.5,5.4,3
Iris-versicolor,4.6,1.5,6.5,2.8
Iris-versicolor,4.9,1.5,6.9,3.1
Iris-versicolor,3.3,1,4.9,2.4
Iris-versicolor,4.5,1.5,6,2.9
Iris-versicolor,5.1,1.6,6,2.7
Iris-versicolor,4.7,1.4,7,3.2
Iris-setosa,1.4,0.2,4.9,3
Iris-setosa,1.6,0.4,5,3.4
Iris-setosa,1.4,0.1,4.8,3
Iris-setosa,1.5,0.4,5.7,4.4
Iris-setosa,1.4,0.2,5.2,3.4
Iris-setosa,1.5,0.2,5.4,3.7
Iris-setosa,1.5,0.2,5.1,3.4
Iris-setosa,1.9,0.2,4.8,3.4
Iris-setosa,1.5,0.4,5.1,3.7
Iris-setosa,1.5,0.1,4.9,3.1
Iris-setosa,1.3,0.2,4.4,3.2
Iris-setosa,1.3,0.2,5.5,3.5
Iris-setosa,1.4,0.3,5.1,3.5
Iris-setosa,1.4,0.2,5,3.3
Iris-setosa,1.6,0.2,4.8,3.4
Iris-setosa,1.5,0.2,4.6,3.1
Iris-setosa,1.4,0.3,4.8,3
Iris-setosa,1.6,0.6,5,3.5
Iris-setosa,1.5,0.2,5.2,3.5
Iris-setosa,1.5,0.1,4.9,3.1
Iris-setosa,1.4,0.2,5.5,4.2
Iris-setosa,1.5,0.4,5.4,3.4
Iris-setosa,1.5,0.1,5.2,4.1
Iris-setosa,1,0.2,4.6,3.6
Iris-setosa,1.6,0.2,5.1,3.8
Iris-setosa,1.4,0.2,4.6,3.2
Iris-setosa,1.4,0.2,4.4,2.9
Iris-setosa,1.5,0.3,5.1,3.8
Iris-setosa,1.4,0.2,5,3.6
Iris-setosa,1.3,0.2,4.7,3.2
Iris-setosa,1.5,0.2,5,3.4
Iris-setosa,1.7,0.3,5.7,3.8
Iris-setosa,1.3,0.4,5.4,3.9
Iris-setosa,1.9,0.4,5.1,3.8
Iris-setosa,1.6,0.2,5,3